Puressentiel,"Spray Assainissant aux 41 Huiles Essentielles - 200ml","Le spray assainissant Puressentiel, avec sa formule brevetée aux 41 huiles essentielles, détruit les germes (bactéries, virus,...","15,88 €",https://cdn.1001pharmacies.com/picture/product/3212/150x150/default.jpg?lastupdate=20221122011541
Puressentiel,"Respiratoire Spray Gorge Huiles Essentielles - 15ml","Pour aider à soulager, dégager, assainir les voies respiratoires et calmer les irritations de la gorge.","5,59 €",https://cdn.1001pharmacies.com/picture/product/3218/150x150/default.jpg?lastupdate=20221122011526
Puressentiel,"PURESSENTIEL DIFFUSE RESPI COMPLEXE HE 30ML","Ces huiles essentielles aux vertus antiseptiques, assainissantes, antibactériennes et apaisantes aident à favoriser le bien-être...","9,79 €",https://cdn.1001pharmacies.com/picture/product/78665/150x150/default.jpg?lastupdate=20221122111404
Puressentiel,"Resp Ok Baume de Massage - 50ml","Baume à appliquer sur le plexus solaire et dans le haut du dos, il dégage les voies respiratoires encombrées.","7,49 €",https://cdn.1001pharmacies.com/picture/product/3215/150x150/default.jpg?lastupdate=20221121042543
Sinomarin,"Algues Allergies Spray - 100ml","Sinomarin Algues Allergies Spray 100ml","6,35 €",https://cdn.1001pharmacies.com/picture/product/247926/150x150/default.jpg?lastupdate=20221117050642
"Zen Arome","Lampe USB en Cristal de Sel d'Himalaya Sphère","La lampe de sel d'Himalaya (ou lampe en pierre de sel rose) est une source naturelle d'air frais.","22,90 €",https://cdn.1001pharmacies.com/picture/product/245840/150x150/default.jpg?lastupdate=20220921040922
"Zen Arome","Lampe USB en Cristal de Sel d'Himalaya Rock","La lampe de sel d'Himalaya (ou lampe en pierre de sel rose) est une source naturelle d'air frais.","19,90 €",https://cdn.1001pharmacies.com/picture/product/245839/150x150/default.jpg?lastupdate=20220921040922
"Zen Arome","Lampe en Cristal de Sel d'Himalaya - 4 à 6 kg","La lampe de sel d'Himalaya (ou lampe en pierre de sel rose) est une source naturelle d'air frais.","38,90 €",https://cdn.1001pharmacies.com/picture/product/245838/150x150/default.jpg?lastupdate=20220921040922
"Zen Arome","Lampe en Cristal de Sel d'Himalaya - 2 à 3 kg","La lampe de sel d'Himalaya (ou lampe en pierre de sel rose) est une source naturelle d'air frais. Découvrez la Lampe en Cristal...","28,90 €",https://cdn.1001pharmacies.com/picture/product/245837/150x150/default.jpg?lastupdate=20220921040922
Humer,"Stop Allergies","Humer Stop Allergies","28,94 €",https://cdn.1001pharmacies.com/picture/product/245234/150x150/default.jpg?lastupdate=20221122011128
Humer,"Hygiène de Nez - 100ml","Humer Hygiène de Nez 100ml","4,28 €",https://cdn.1001pharmacies.com/picture/product/245233/150x150/default.jpg?lastupdate=20221121043155
Gifrer,"Septinasal Lavage Nasal Rhume & Rhinopharyngite - 50ml","Gifrer Septinasal Lavage Nasal Rhume & Rhinopharyngite 50ml","5,59 €",https://cdn.1001pharmacies.com/picture/product/243846/150x150/default.jpg?lastupdate=20221117045955
Pouxit,"XF Traitement Anti-Poux & Lentes - 200ml","Pouxit XF Lotion anti-poux est indiquée dans le traitement des poux du cuir chevelu et des lentes chez les adultes et enfants de...","21,86 €",https://cdn.1001pharmacies.com/picture/product/77329/150x150/default.jpg?lastupdate=20221122011435
Ineldea,"Pédiakid Balépou Spray Effet Bouclier – 100ml","La solution naturelle pour lutter efficacement contre les pouxSpray répulsif aux huiles essentielles biologiques. Eloigne et...","9,98 €",https://cdn.1001pharmacies.com/picture/product/7664/150x150/default.jpg?lastupdate=20221121042610
Apaisyl,"Xpert 100% Radical Poux et Lentes - 100ml","Apaisyl Xpert est une lotion radicale contre l'élimination des poux et des lentes.","15,25 €",https://cdn.1001pharmacies.com/picture/product/7581/150x150/default.jpg?lastupdate=20221121042609
Parasidose,"PARASIDOSE SPRAY ENVIRONNEMENT 250ML","Traitement de la maison et du linge infesté.","14,86 €",https://cdn.1001pharmacies.com/picture/product/74492/150x150/default.jpg?lastupdate=20221122071754
Parasidose,"PARASIDOSE SOLUTION EXPRESS SOIN TRAITANT 100ML","Le soin traitant PARASIDOSE élimine les POUX et les LENTES en une seule application de 30 minutes. Il agit en asphyxiant les POUX ...","14,96 €",https://cdn.1001pharmacies.com/picture/product/74490/150x150/default.jpg?lastupdate=20221120035102
"Laboratoires Gilbert","Poux-Lentes Shampooing à l'Huile Essentielle de Lavande Bio - 200ml","Parasidose Poux-Lentes Shampooing à l'Huile Essentielle de Lavande Bio 200ml","9,98 €",https://cdn.1001pharmacies.com/picture/product/74485/150x150/default.jpg?lastupdate=20221121042730
Parasidose,"PARASIDOSE PEIGNE FIN PLASTIQUE DENTS LONGUES","Le peigne fin PARASIDOSE aide à enlever les poux et les lentes mortes après un traitement anti-poux. Il est également l’outil indi...","6,58 €",https://cdn.1001pharmacies.com/picture/product/74483/150x150/default.jpg?lastupdate=20221123074606
Paranix,"Peigne Anti-Poux Métallique 3 en 1","Paranix Peigne Anti-Poux Métallique 3 en 1","7,02 €",https://cdn.1001pharmacies.com/picture/product/74470/150x150/default.jpg?lastupdate=20221121042730
"Omega Pharma","Après-Traitement - Shampooing Rinçage - 100ml","Paranix Après-Traitement Shampooing Rinçage 100ml","6,66 €",https://cdn.1001pharmacies.com/picture/product/74460/150x150/default.jpg?lastupdate=20221121042730
"Terra Santé","Duo LP-PRO Lotion Traitement contre Lentes & Poux - 150 ml","Lotion Duo LP-Pro est un soin traitant anti-poux et anti-lentes, de troisième génération, efficace en 1 seule application.","18,88 €",https://cdn.1001pharmacies.com/picture/product/47532/150x150/default.jpg?lastupdate=20221121042701
Apaisyl,"APAISYL XPERT POUX LENTES 200ML","Apaisyl Xpert 100% Radical Lentes et Poux 200 ml est une lotion traitante qui tue 100% des poux et 100% des lentes grâce à la...","27,98 €",https://cdn.1001pharmacies.com/picture/product/35687/150x150/default.jpg?lastupdate=20221121042649
Puressentiel,"Anti-Poux Lotion 100ml avec Peigne","Puressentiel Anti-Poux élimine radicalement poux, larves et lentes en 10 minutes, en toute sécurité.","19,48 €",https://cdn.1001pharmacies.com/picture/product/3245/150x150/default.jpg?lastupdate=20221121042543
Para'kito,"PARA KITO 2 RECHARGES 15j HUILES ESSENTIELLES","Chaque plaquette est à glisser à l'intérieur de la poche filet située sur l'extérieur du bracelet ou clip PARA'KITO™. En...","6,77 €",https://cdn.1001pharmacies.com/picture/product/74456/150x150/default.jpg?lastupdate=20221122072951
"Cinq sur Cinq","Lotion Spray pour zones tempérées - 100 ml","Choisissez la lotion anti-moustiques zones tempérées pour vous protéger contre les moustiques, guêpes, tiques et taons.","5,88 €",https://cdn.1001pharmacies.com/picture/product/40971/150x150/default.jpg?lastupdate=20221122092022
"Insect Ecran","Kids - 100ml","Insect Ecran Kids 100ml","9,58 €",https://cdn.1001pharmacies.com/picture/product/248583/150x150/default.jpg?lastupdate=20221116102225
"Insect Ecran","Moustiques Guêpes & Frelons - 100ml","Insect Ecran Moustiques Guêpes & Frelons 100ml","10,50 €",https://cdn.1001pharmacies.com/picture/product/248582/150x150/default.jpg?lastupdate=20221116102212
"Insect Ecran","Spécial Tropiques - 75ml Offre Spéciale","Insect Ecran Spécial Tropiques 75ml Offre Spéciale","10,95 €",https://cdn.1001pharmacies.com/picture/product/248581/150x150/default.jpg?lastupdate=20221116102212
Parasidose,"Spray Anti-Moustiques - 100ml","Parasidose Spray Anti-Moustiques 100ml","6,98 €",https://cdn.1001pharmacies.com/picture/product/247537/150x150/default.jpg?lastupdate=20221117050611
Para'kito,"Graphic Bracelet Anti-Moustiques Rechargeable Sakura","Para'Kito Graphic Bracelet Anti-Moustiques Rechargeable Sakura","11,16 €",https://cdn.1001pharmacies.com/picture/product/245548/150x150/default.jpg?lastupdate=20221121043158
Florame,"Spray Anti-Moustiques Vêtements Bio - 90ml","Florame Spray Anti-Moustiques Vêtements Bio 90ml","11,88 €",https://cdn.1001pharmacies.com/picture/product/245249/150x150/default.jpg?lastupdate=20221121043155
Para'kito,"Kids Bracelet Anti-Moustiques Rechargeable Raccoon","Para'Kito Kids Bracelet Anti-Moustiques Rechargeable Raccoon","10,77 €",https://cdn.1001pharmacies.com/picture/product/245176/150x150/default.jpg?lastupdate=20221121043154
Para'kito,"Teens Bracelet Anti-Moustiques Rechargeable Pop Art","Para'Kito Teens Bracelet Anti-Moustiques Rechargeable Pop Art","10,77 €",https://cdn.1001pharmacies.com/picture/product/245172/150x150/default.jpg?lastupdate=20221121043154
Para'kito,"Graphic Bracelet Anti-Moustiques Rechargeable Stormy","Para'Kito Graphic Bracelet Anti-Moustiques Rechargeable Stormy","10,77 €",https://cdn.1001pharmacies.com/picture/product/245169/150x150/default.jpg?lastupdate=20221121043154
Para'kito,"Graphic Bracelet Anti-Moustiques Rechargeable Roses","Para'Kito Graphic Bracelet Anti-Moustiques Rechargeable Roses","10,77 €",https://cdn.1001pharmacies.com/picture/product/245167/150x150/default.jpg?lastupdate=20221121043154
Accu-Chek,"Guide - Bandelettes Réactives - 50 pièces","Accu-Chek Guide Bandelettes réactives 50 pièces","25,66 €",https://cdn.1001pharmacies.com/picture/product/230393/150x150/default.jpg?lastupdate=20221122011548
Mylan,"Autotest VIH - Dépistage de l'infection par le VIH","L’Autotest VIH est un kit permettant le dépistage de l’infection par le VIH au travers de la détection d’anticorps anti-VIH-1 et...","35,41 €",https://cdn.1001pharmacies.com/picture/product/207256/150x150/default.jpg?lastupdate=20221122011556
Clearblue,"Test de grossesse Clearblue Plus-boite de 2 tests","Rapide et fiable, le test de grossesse de CLEARBLUE confirme si le résultat est positif ou négatif. Pratique et efficace En...","10,95 €",https://cdn.1001pharmacies.com/picture/product/3792/150x150/default.jpg?lastupdate=20221122011538
Hartmann,"Thermoval Classic Jumbo-Display Thermomètre Digital","Hartmann Thermoval Classic Jumbo-Display Thermomètre Digital","11,08 €",https://cdn.1001pharmacies.com/picture/product/94986/150x150/default.jpg?lastupdate=20221121042750
Omron,"Eco Temp Smart thermomètre digital","Omron Eco Temp Smart thermomètre digital","6,42 €",https://cdn.1001pharmacies.com/picture/product/73148/150x150/default.jpg?lastupdate=20221121042728
Omron,"Gentle Temp 520 Thermomètre Auriculaire Digitale","Omron Gentle Temp 520 Thermomètre Auriculaire Digitale","61,60 €",https://cdn.1001pharmacies.com/picture/product/73146/150x150/default.jpg?lastupdate=20221121042728
"Laboratoire Marque Verte","Digit Digitensio Plus Tensiomètre Automatique Brassard","Un tensiomètre digital Parce que votre tension indique le rythme de votre cœur, il est préférable de toujours garder un œil...","47,17 €",https://cdn.1001pharmacies.com/picture/product/68986/150x150/default.jpg?lastupdate=20221122011300
Clearblue,"Clearblue Test de grossesse DIGITAL avec estimation de l'âge de la grossesse - 1 test","Clearblue DIGITAL avec estimation de l’âge de la grossesse est le tout premier test de son genre. En effet, son écran digital...","11,68 €",https://cdn.1001pharmacies.com/picture/product/3793/150x150/default.jpg?lastupdate=20221122011020
Clearblue,"Test de Grossesse PLUS","Le test de grossesse Clearblue Plus avec Tige Contrôle est fiable à 99 %, il est facile à lire, rapide à utiliser et pour plus de ...","7,42 €",https://cdn.1001pharmacies.com/picture/product/3791/150x150/default.jpg?lastupdate=20221122010942
Accu-Chek,"Softclix - Lancettes - 200 unités","Accu-Chek Softclix Lancettes 200 unités","18,75 €",https://cdn.1001pharmacies.com/picture/product/32492/150x150/default.jpg?lastupdate=20221121042647
Thermoflash,"Thermoflash LX-26 Bleu Marine","ThermoFlash, troisième et toute dernière génération des thermomètres infrarouges.Le ThermoFlash LX-26 est le plus rapide, le plus...","59,98 €",https://cdn.1001pharmacies.com/picture/product/31845/150x150/default.jpg?lastupdate=20221122084611
Thermoflash,"Thermoflash LX-26 Gris","ThermoFlash, troisième et toute dernière génération des thermomètres infrarouges.Le ThermoFlash LX-26 est le plus rapide, le plus...","59,98 €",https://cdn.1001pharmacies.com/picture/product/31844/150x150/default.jpg?lastupdate=20221122084612
Sonalto,"Grands embouts 12 mm pour assistant d'écoute - boîte de 6 embouts","Boîte de 6 embouts de 12 millimètres pour l'assistant d'écoute Sonalto.","9,08 €",https://cdn.1001pharmacies.com/picture/product/92534/150x150/default.jpg?lastupdate=20221116100139
Quies,"Protection Auditive Mousse Confort - 3 paires","Les bouchons de Quies protègent votre audition des environnements bruyants.Atténuation sonore forte de 35 décibels !","7,48 €",https://cdn.1001pharmacies.com/picture/product/78890/150x150/default.jpg?lastupdate=20221121042737
Quies,"Protection auditive bandeau d'oreilles - Petite taille : 40 à 55 cm","Bandeau en néoprène, assure la protection complets des oreilles contre l'eau.Petite taille : 40 à 55 cm.","8,35 €",https://cdn.1001pharmacies.com/picture/product/78878/150x150/default.jpg?lastupdate=20221121042737
Quies,"Protection auditive bandeau d'oreilles grande taille - 55 à 60 cm","Bandeau en néoprène de haute densité qui assure une protection complète des oreilles contre l'eau (piscine, mer, douche, bain, etc...","8,93 €",https://cdn.1001pharmacies.com/picture/product/78877/150x150/default.jpg?lastupdate=20221121042737
Quies,"Audio Piles Auditives 10 - 6 piles","Quies Audio Piles Auditives 10 6 piles","3,98 €",https://cdn.1001pharmacies.com/picture/product/241798/150x150/default.jpg?lastupdate=20221121043121
Quies,"Protection Auditive Mousse Confort Mini - 3 Paires","Protection Auditive Mousse Confort Mini 3 paires","2,92 €",https://cdn.1001pharmacies.com/picture/product/237826/150x150/default.jpg?lastupdate=20221121043044
Blox,"Xperience Moto Bouchons d'Oreilles - 1 paire","Blox Xperience Moto Bouchons d'Oreilles 1 paire","14,55 €",https://cdn.1001pharmacies.com/picture/product/236369/150x150/default.jpg?lastupdate=20221121043030
Quies,"Piles Auditives 312 - 6 piles","Quies Piles Auditives 312 6 piles","3,31 €",https://cdn.1001pharmacies.com/picture/product/233482/150x150/default.jpg?lastupdate=20221121042958
Blox,"Mousse Colors - Bouchons d'Oreille - 2 paires","Blox Mousse Colors Bouchons d'Oreille 2 paires","2,26 €",https://cdn.1001pharmacies.com/picture/product/229660/150x150/default.jpg?lastupdate=20221123073609
Blox,"Sleep Better - Cire Naturelle - 20 unités","Blox Sleep Better Cire Naturelle 20 unités","6,98 €",https://cdn.1001pharmacies.com/picture/product/229659/150x150/default.jpg?lastupdate=20221121042925
Blox,"Xperience Music - Bouchons d'Oreille - Rose","Blox Xperience Music Bouchons d'Oreille Rose - 1 paire","14,55 €",https://cdn.1001pharmacies.com/picture/product/229656/150x150/default.jpg?lastupdate=20221121042925
Quies,"Silicone Anti-Bruit - 3 paires","Protection auditive anti-bruit en silicone de Quies. Atténuation sonore de 20 décibels. Pack de 3 paires.","5,35 €",https://cdn.1001pharmacies.com/picture/product/227962/150x150/default.jpg?lastupdate=20221121042914
Alvityl,"Magnésium Vitamine B6 - 45 Comprimés","Magnésium vitamine B6 est un complément alimentaire des Laboratoires GOVital. Le magnésium et la vitamine B6 aident à réduire la...","6,26 €",https://cdn.1001pharmacies.com/picture/product/55124/150x150/default.jpg?lastupdate=20221122011600
"Santé Verte","Levure de Riz Rouge Cholestèrol - 2x60 comprimés","Santé Verte Levure de Riz Rouge Cholestérol 2x60 comprimés","39,98 €",https://cdn.1001pharmacies.com/picture/product/235515/150x150/default.jpg?lastupdate=20221122011539
"New Nordic","Activ'Foie - 30 Comprimés","Activ’Foie est un complément alimentaire qui contribue au bon fonctionnement du foie.","22,88 €",https://cdn.1001pharmacies.com/picture/product/226685/150x150/default.jpg?lastupdate=20221122011533
Salus,"Floradix Fer + Plantes 500ml","Une Boisson qui aide à pallier les carences en fer.","20,48 €",https://cdn.1001pharmacies.com/picture/product/204941/150x150/default.jpg?lastupdate=20221122011537
"Forte Pharma","Energie Taurine Power 30 Comprimés","Idéal en période d’activité intense, Energie Taurine Power, riche en taurine, procure de l'énergie immédiate pour un effet...","8,38 €",https://cdn.1001pharmacies.com/picture/product/1018/150x150/default.jpg?lastupdate=20221122011534
Ineldea,"Pediakid Probiotiques 10M - 10 sachets de 2 g","Pediakid Probiotiques 10M est un complément alimentaire aux ferments lactiques, fibres d'inuline de chicorée et zinc...","7,52 €",https://cdn.1001pharmacies.com/picture/product/7654/150x150/default.jpg?lastupdate=20221122011548
Herbesan,"Herbesan Panax Ginseng - 30 ampoules","Herbesan Panax Ginseng par les Laboratoires Super Diet, est un complément alimentaire à base de Panax Ginseng Meyer, gelée...","13,49 €",https://cdn.1001pharmacies.com/picture/product/55866/150x150/default.jpg?lastupdate=20221123091855
Nutergia,"Ergyphilus Confort - 60 gélules","Un complément alimentaire pour un confort intestinal optimal Vous souffrez de douleurs intestinales ? Grâce au complément...","23,48 €",https://cdn.1001pharmacies.com/picture/product/4706/150x150/default.jpg?lastupdate=20221122010746
Nutergia,"Ergymag - 90 gélules","Ergymag par le Laboratoire Nutergia, est un complément alimentaire.","15,48 €",https://cdn.1001pharmacies.com/picture/product/4693/150x150/default.jpg?lastupdate=20221122083909
"Forte Pharma","Expert Collagen Intense - 14 sticks","Une peau rajeunie et lumineuse Expert Collagène Intense est un produit de soin épidermique par voie orale, conçu pour s’adapter...","17,35 €",https://cdn.1001pharmacies.com/picture/product/242092/150x150/default.jpg?lastupdate=20221122011526
Pileje,"Chronobiane LP 1,9mg - 60 comprimés","Pileje Chronobiane LP 1,9mg Complément Alimentaire à Base de Mélatonine 60 comprimés","17,95 €",https://cdn.1001pharmacies.com/picture/product/230037/150x150/default.jpg?lastupdate=20221123082057
"Super Diet","Myrtille Bio - 90 gélules","Superdiet Myrtille Bio 90 gélules","9,89 €",https://cdn.1001pharmacies.com/picture/product/93466/150x150/default.jpg?lastupdate=20221122011525
Newgene,"Test Covid Nasal Détection Rapide de l'Antigène - 5 pièces","Le Newgene Kit de Détection d'Antigène COVID-19 est un autotest pour déterminer le risque de contamination par le coronavirus...","9,99 €",https://cdn.1001pharmacies.com/picture/product/249698/150x150/default.jpg?lastupdate=20221123064816
Assanis,"Pocket Gel Hydroalcoolique Sans Rinçage - 100ml","Une solution hydroalcoolique pour vous désinfecter les mains à tout moment Chaque jour, les mains sont les premières à être...","2,38 €",https://cdn.1001pharmacies.com/picture/product/239998/150x150/default.jpg?lastupdate=20221122011533
Assanis,"Family Gel Hydroalcoolique Sans Rinçage - 250ml","Assanis Family Gel Hydroalcoolique Sans Rinçage 250ml","3,77 €",https://cdn.1001pharmacies.com/picture/product/242222/150x150/default.jpg?lastupdate=20221122011558
Hartmann,"Thermoval Classic Jumbo-Display Thermomètre Digital","Hartmann Thermoval Classic Jumbo-Display Thermomètre Digital","11,08 €",https://cdn.1001pharmacies.com/picture/product/94986/150x150/default.jpg?lastupdate=20221121042750
Puressentiel,"Gel Antibactérien Assainissant - 250ml","Ce soin propose une triple action; anti-bactérienne, anti-virale et anti-fongique.","7,48 €",https://cdn.1001pharmacies.com/picture/product/78708/150x150/default.jpg?lastupdate=20221121042736
Omron,"Eco Temp Smart thermomètre digital","Omron Eco Temp Smart thermomètre digital","6,42 €",https://cdn.1001pharmacies.com/picture/product/73148/150x150/default.jpg?lastupdate=20221121042728
Omron,"Gentle Temp 520 Thermomètre Auriculaire Digitale","Omron Gentle Temp 520 Thermomètre Auriculaire Digitale","61,60 €",https://cdn.1001pharmacies.com/picture/product/73146/150x150/default.jpg?lastupdate=20221121042728
Bactidose,"Gel hydroalcoolique non parfumé - 75 ml","Le gel hydroalcoolique sans parfum, de Bactidose, permet un nettoyage et une désinfection rapide des mains sans rinçage.","4,58 €",https://cdn.1001pharmacies.com/picture/product/37210/150x150/default.jpg?lastupdate=20221120120709
Puressentiel,"Assainissant Gel Antibactérien - 80ml","Le Gel hydro alcoolique Puressentiel Antibactérien aux 3 huiles essentielles a une triple action antibactérienne, antivirale et...","3,98 €",https://cdn.1001pharmacies.com/picture/product/3213/150x150/default.jpg?lastupdate=20221121042543
Puressentiel,"Assainissant Gel Antibactérien Peaux Sensibles Bio - 80ml","Puressentiel Assainissant Gel Antibactérien Peaux Sensibles Bio 80ml","4,02 €",https://cdn.1001pharmacies.com/picture/product/250262/150x150/default.jpg?lastupdate=20221121043203
Dermalex,"Gel Mains Hydroalcolique 2 en 1 - 100ml","Le gel alcoolisé pour les mains tue les bactéries, les virus et les champignons. Grâce à sa double action, le Gel pour les mains...","4,50 €",https://cdn.1001pharmacies.com/picture/product/249872/150x150/default.jpg?lastupdate=20221117051022
PearlMax,"Masque type FFP2 (KN95) lot de 10","Un masque de protection KN95 Le Masque Respiratoire KN95 confère une protection optimale contre les infections bactériennes....","2,99 €",https://cdn.1001pharmacies.com/picture/product/249779/150x150/default.jpg?lastupdate=20221122011142
Melibiotech,"Revamil - Baume cicatrisant au Miel 25% - 15 g","Revamil propose ce baume dermoprotecteur, cicatrisant, émollient, apaisant, et anti-bactérien, contenant 25% de miel. Il a été con...","10,98 €",https://cdn.1001pharmacies.com/picture/product/224333/150x150/default.jpg?lastupdate=20221122011543
Pranarôm,"Huile Essentielle Millefeuille - 5ml","Pranarom Huile Essentielle Millefeuille 5ml","15,49 €",https://cdn.1001pharmacies.com/picture/product/77638/150x150/default.jpg?lastupdate=20221121042734
Pranarôm,"Lavande Stoechade Huile Essentielle - 10ml","Pranarom Lavande Stoechade Huile Essentielle 10ml","21,44 €",https://cdn.1001pharmacies.com/picture/product/77616/150x150/default.jpg?lastupdate=20221121042734
Babybio,"gel nettoyant moussant 150ml",,"6,16 €",https://cdn.1001pharmacies.com/picture/product/69561/150x150/default.jpg?lastupdate=20221121042724
ABOCA,"MeliLax Pediatric 6 Microlavements pour Nourrissons & Enfants","Aboca MeliLax Pediatric 6 Microlavements pour Nourrissons & Enfants","9,10 €",https://cdn.1001pharmacies.com/picture/product/66951/150x150/default.jpg?lastupdate=20221122101305
Hydralin,"Calme les Irritations - 200 ml","Derm Hydralin Calme les Irritations 200 ml","13,69 €",https://cdn.1001pharmacies.com/picture/product/44957/150x150/default.jpg?lastupdate=20221122011009
Cytolnat,"Centella Crème Dermatologique Apaisante Réparatrice - 50ml","Répare et apaise les peaux agressées Que ce soit par l’environnement (soleil, brûlure, froid, pollution), le stress mécanique...","7,98 €",https://cdn.1001pharmacies.com/picture/product/43711/150x150/default.jpg?lastupdate=20221121042658
Castera,"Brume thermale - 300 ml","Rafraîchit et apaise les peaux sensibles de toute la famille.","9,50 €",https://cdn.1001pharmacies.com/picture/product/40278/150x150/default.jpg?lastupdate=20221116094826
A-Derma,"Ephiteliale A.H Ultra SPF50+ Crème Réparatrice Protectrice - 40ml","A-Derma Ephiteliale A.H Ultra SPF50+ Crème Réparatrice Protectrice 40ml","13,69 €",https://cdn.1001pharmacies.com/picture/product/247589/150x150/default.jpg?lastupdate=20221121043201
Pranarôm,"Aromaderm Cicarom Baume Réparateur Bio - 40ml","Pranarom Aromaderm Cicarom Baume Réparateur Bio 40ml","7,89 €",https://cdn.1001pharmacies.com/picture/product/246070/150x150/default.jpg?lastupdate=20221121043159
Darphin,"Intral Sérum Essentiel Quotidien - 50ml","Darphin Intral Sérum Essentiel Quotidien 50ml","61,90 €",https://cdn.1001pharmacies.com/picture/product/245265/150x150/default.jpg?lastupdate=20221121043155
Biofloral,"Argent Colloïdal 20ppm - 100ml","Biofloral Argent Colloïdal 20ppm 100ml","11,58 €",https://cdn.1001pharmacies.com/picture/product/245150/150x150/default.jpg?lastupdate=20221121043154
Puressentiel,"Respiratoire Spray Gorge Huiles Essentielles - 15ml","Pour aider à soulager, dégager, assainir les voies respiratoires et calmer les irritations de la gorge.","5,59 €",https://cdn.1001pharmacies.com/picture/product/3218/150x150/default.jpg?lastupdate=20221122011526
"Eau Alvina","Cure Detox Transit - 42 bouteilles de 500ml","Un traitement naturel contre la constipation Vous êtes constipé ? Pas de panique ! Optez pour l’Eau Médicinale Cure Detox...","85,00 €",https://cdn.1001pharmacies.com/picture/product/247565/150x150/default.jpg?lastupdate=20221122011519
Juvamine,"Expert'Nature Circulation - 60 comprimés","Juvamine Expert'Nature Circulation 60 comprimés","10,79 €",https://cdn.1001pharmacies.com/picture/product/242686/150x150/default.jpg?lastupdate=20221122011537
Urgo,"Plaies & Lésions de la bouche - Spray Buccal - 15ml","Urgo Plaies & Lésions de la bouche Spray Buccal 15 ml","8,94 €",https://cdn.1001pharmacies.com/picture/product/95995/150x150/default.jpg?lastupdate=20221122095809
Urgo,"Douleurs - 2 patch chauffant","Urgo Douleurs Patch Chauffant Courbatures Torticolis Lumbagos Articulations Douloureuses Soulage 8h Multi-localisations Urgo Patch...","7,98 €",https://cdn.1001pharmacies.com/picture/product/95992/150x150/default.jpg?lastupdate=20221122093243
Tilman,"Elimin Transit - 20 infusions","Elimin Transit 20 infusions","5,27 €",https://cdn.1001pharmacies.com/picture/product/95161/150x150/default.jpg?lastupdate=20221122011339
"Super Diet","Quatuor Bio Confort Urinaire Cranberry - 20 ampoules de 15ml","Superdiet Quatuor Bio Confort Urinaire Cranberry 20 ampoules de 15ml","13,39 €",https://cdn.1001pharmacies.com/picture/product/93504/150x150/default.jpg?lastupdate=20221121042748
Weleda,"Soin Jambes Lourdes Gel Tonique au cuivre - 200 ml","Ce gel non gras soulage efficacement les jambes lourdes et fatiguées.","18,98 €",https://cdn.1001pharmacies.com/picture/product/921/150x150/default.jpg?lastupdate=20221121042527
novodex,"Sensidol Bio Arthro Gel - 75ml","Novodex Sensidol Bio Arthro Gel 75ml","10,28 €",https://cdn.1001pharmacies.com/picture/product/87289/150x150/default.jpg?lastupdate=20221121042741
"Super Diet","Pastilles Menthe Forte Sans Sucre - 50g","Super Diet Ricqles Pastilles Menthe Forte Sans Sucre 50g","3,59 €",https://cdn.1001pharmacies.com/picture/product/82677/150x150/default.jpg?lastupdate=20221121042738
Respimer,"NetiFlow - Kit d'irrigation nasale","Le kit d'irrigation nasale de Respimer, est un dispositif de lavage nasal qui consiste à irriguer les cavités rhino-sinusiennes...","9,68 €",https://cdn.1001pharmacies.com/picture/product/82035/150x150/default.jpg?lastupdate=20221122111315
Iprad,"Duo Gel Jambes Légères - 2 x 150ml","Rap Phyto Duo Gel Jambes Légères 2x150 ml","17,80 €",https://cdn.1001pharmacies.com/picture/product/81786/150x150/default.jpg?lastupdate=20221123072553
Pranarôm,"Huile Essentielle Bio Lentisque Pistachier - 5ml","Pranarom Huile Essentielle Bio Lentisque Pistachier 5ml","22,89 €",https://cdn.1001pharmacies.com/picture/product/77536/150x150/default.jpg?lastupdate=20221121042733
Nutreov,"Détox Universel - 500ml","Nutreov Détox Universel 500ml","14,04 €",https://cdn.1001pharmacies.com/picture/product/7619/150x150/default.jpg?lastupdate=20221121042609
Ortis,"Depurfoie - 60 comprimés","Ortis Depurfoie 60 comprimés","9,98 €",https://cdn.1001pharmacies.com/picture/product/67433/150x150/default.jpg?lastupdate=20221121042722
DietWorld,"B. Slim Transit Detox Tisane Minceur - 30 infusettes","Une tisane minceur et détox Vous souhaitez retrouver un transit régulier et retrouver un ventre plat , Faites appel à la tisane...","304,56 €",https://cdn.1001pharmacies.com/picture/product/37007/150x150/default.jpg?lastupdate=20221122010333
Santarome,"Programme Ultra Détox Bio - 30 ampoules","Triple action détox globale en 3 étapes: détoxifie, élimine, reminéralise.","21,89 €",https://cdn.1001pharmacies.com/picture/product/245120/150x150/default.jpg?lastupdate=20221122011335
Weleda,"Jus de Bouleau Bio Détox - 250ml","Weleda Jus de Bouleau Bio Détox 250ml","11,53 €",https://cdn.1001pharmacies.com/picture/product/241239/150x150/default.jpg?lastupdate=20221121043120
Arkopharma,"Arkofluides - Détox Bio - 30 ampoules","Arkopharma Arkofluides Détox Bio 30 ampoules","15,98 €",https://cdn.1001pharmacies.com/picture/product/231995/150x150/default.jpg?lastupdate=20221121042943
Nutergia,"ErgyDetox - 60 gélules","Nutergia ErgyDetox 60 gélules","16,14 €",https://cdn.1001pharmacies.com/picture/product/230014/150x150/default.jpg?lastupdate=20221121042928
Arkopharma,"Arkofluides - Programme Détox Triple Action - 3 x 10 ampoules","Arkopharma Arkofluides Programme Détox Triple Action 30 jours 3 x 10 ampoules","19,72 €",https://cdn.1001pharmacies.com/picture/product/229699/150x150/default.jpg?lastupdate=20221121042925
Santarome,"Jus de Bouleau Bio - Détox et Elimination - 200ml","Santarome Jus de Bouleau Bio Détox et Elimination 200ml","9,89 €",https://cdn.1001pharmacies.com/picture/product/229646/150x150/default.jpg?lastupdate=20221121042925
"Anaca 3","Détox - 60 gélules","Détox d'Anaca 3 est un complément alimentaire à base de bouleau, chlorelle, fenouil et chicorée.","16,94 €",https://cdn.1001pharmacies.com/picture/product/227262/150x150/default.jpg?lastupdate=20221121042912
Nutreov,"Colon Pure Purifiant Intestinal - 40 gélules","Nutreov Colon Pure Purifiant Intestinal 40 gélules","20,98 €",https://cdn.1001pharmacies.com/picture/product/226535/150x150/default.jpg?lastupdate=20221121042908
Frontline,"Homegard Spray Insecticide & Acaricide pour l'Habitat - 500ml","Frontline Homegard Spray Insecticide & Acaricide pour l'Habitat 500ml","14,75 €",https://cdn.1001pharmacies.com/picture/product/247924/150x150/default.jpg?lastupdate=20221122010716
Frontline,"Homegard Spray Insecticide & Acaricide pour l'Habitat - 250ml","Frontline Homegard Spray Insecticide & Acaricide pour l'Habitat 250ml","14,58 €",https://cdn.1001pharmacies.com/picture/product/246215/150x150/default.jpg?lastupdate=20221116103519
Biocanina,"Eco-Logis Spray - 300ml","Biocanina Eco-Logis Spray 300ml","11,20 €",https://cdn.1001pharmacies.com/picture/product/243758/150x150/default.jpg?lastupdate=20221121043139
Biocanina,"Eco-Logis Fogger - 150ml","Biocanina Eco-Logis Fogger 150ml","17,78 €",https://cdn.1001pharmacies.com/picture/product/243757/150x150/default.jpg?lastupdate=20221121043139
Paranix,"Spécial Tiques Répulsif - 90ml","Paranix Spécial Tiques Répulsif 90ml","6,54 €",https://cdn.1001pharmacies.com/picture/product/242129/150x150/default.jpg?lastupdate=20221121043125
"Insect Ecran","Habitat Actif Végétal - 150ml","Insect Ecran Habitat Actif Végétal 150ml","8,16 €",https://cdn.1001pharmacies.com/picture/product/240934/150x150/default.jpg?lastupdate=20221121043117
Mosquitno,"Textile Spray Répulsif Insectes - 50 ml","Mosquitno Textile Spray Répulsif Insectes 50 ml","21,11 €",https://cdn.1001pharmacies.com/picture/product/239421/150x150/default.jpg?lastupdate=20221121043102
ByeBugz,"Anti-Insect Spray - 50ml","Un répulsif pour éloigner les insectes Vous souhaitez protéger votre peau sensible des insectes parasites ? Optez pour le Spray...","8,32 €",https://cdn.1001pharmacies.com/picture/product/239390/150x150/default.jpg?lastupdate=20221121043102
ByeBugz,"Anti-Insect Spray - 100ml","Un répulsif pour éloigner les insectes Vous souhaitez protéger votre peau sensible des insectes parasites ? Optez pour le Spray...","13,41 €",https://cdn.1001pharmacies.com/picture/product/239389/150x150/default.jpg?lastupdate=20221121043102
ByeBugz,"Anti-Insect Bulb","ByeBugz Anti-Insect Bulb","30,45 €",https://cdn.1001pharmacies.com/picture/product/239387/150x150/default.jpg?lastupdate=20221121043102
ByeBugz,"Anti-Insect Aerosol - 150ml","Un répulsif pour éloigner les insectes Vous souhaitez protéger votre peau sensible des insectes parasites ? Optez pour l'Aérosol...","15,69 €",https://cdn.1001pharmacies.com/picture/product/239386/150x150/default.jpg?lastupdate=20221121043102
ByeBugz,"Anti-Insect Aerosol - 100ml","Un répulsif pour éloigner les insectes Vous souhaitez protéger votre peau sensible des insectes parasites ? Optez pour l'Aérosol...","15,78 €",https://cdn.1001pharmacies.com/picture/product/239385/150x150/default.jpg?lastupdate=20221121043102
RS,"Bracelet Magnétique en Cuivre Borée - 1 pièce","Choisissez la meilleure qualité : bracelet en cuivre bi-ton avec des aimants de 3000 Gauss chacun.","29,00 €",https://cdn.1001pharmacies.com/picture/product/247463/150x150/default.jpg?lastupdate=20220921040935
"Auris Magnetic","Set de Sommeil Magnétique pour Literie Matelas Sommier - 1 pièce","Bien dormir, Actipol est l’allié de vos nuits. Le set de sommeil Actipol est unique et agit à 3 niveaux primordiaux pour bien...","129,00 €",https://cdn.1001pharmacies.com/picture/product/247462/150x150/default.jpg?lastupdate=20220921040935
"Auris Magnetic","Semelles Magnétiques avec Aimants et Mémoire de Forme Taille GM du 41 au 45","Marchez comme sur un nuage et éliminez fatigue et douleurs. Adoptez vite ces fabuleuses semelles magnétiques à mémoire de forme.","44,00 €",https://cdn.1001pharmacies.com/picture/product/247461/150x150/default.jpg?lastupdate=20220921040935
"Auris Magnetic","Semelles Magnétiques avec Aimants et Mémoire de Forme Taille PM du 36 au 40","Marchez comme sur un nuage et éliminez fatigue et douleurs. Adoptez vite ces fabuleuses semelles magnétiques à mémoire de forme.","44,00 €",https://cdn.1001pharmacies.com/picture/product/247460/150x150/default.jpg?lastupdate=20221122010354
"Auris Magnetic","Semelles Magnétiques en Cuir avec Charbons Actifs Pointure 46","Pour un grand bien-être et une meilleure stimulation de votre métabolisme, adoptez ces semelles magnétiques.","44,00 €",https://cdn.1001pharmacies.com/picture/product/247459/150x150/default.jpg?lastupdate=20220921040935
"Auris Magnetic","Semelles Magnétiques en Cuir avec Charbons Actifs Pointure 45","Pour un grand bien-être et une meilleure stimulation de votre métabolisme, adoptez ces semelles magnétiques.","44,00 €",https://cdn.1001pharmacies.com/picture/product/247458/150x150/default.jpg?lastupdate=20220921040935
"Auris Magnetic","Semelles Magnétiques en Cuir avec Charbons Actifs Pointure 44","Pour un grand bien-être et une meilleure stimulation de votre métabolisme, adoptez ces semelles magnétiques.","44,00 €",https://cdn.1001pharmacies.com/picture/product/247457/150x150/default.jpg?lastupdate=20220921040935
"Auris Magnetic","Semelles Magnétiques en Cuir avec Charbons Actifs Pointure 43","Pour un grand bien-être et une meilleure stimulation de votre métabolisme, adoptez ces semelles magnétiques.","44,00 €",https://cdn.1001pharmacies.com/picture/product/247456/150x150/default.jpg?lastupdate=20220921040934
"Auris Magnetic","Semelles Magnétiques en Cuir avec Charbons Actifs Pointure 42","Pour un grand bien-être et une meilleure stimulation de votre métabolisme, adoptez ces semelles magnétiques.","44,00 €",https://cdn.1001pharmacies.com/picture/product/247455/150x150/default.jpg?lastupdate=20220921040934
"Auris Magnetic","Semelles Magnétiques en Cuir avec Charbons Actifs Pointure 41","Pour un grand bien-être et une meilleure stimulation de votre métabolisme, adoptez ces semelles magnétiques.","44,00 €",https://cdn.1001pharmacies.com/picture/product/247454/150x150/default.jpg?lastupdate=20220921040934
"Auris Magnetic","Semelles Magnétiques en Cuir avec Charbons Actifs Pointure 40","Pour un grand bien-être et une meilleure stimulation de votre métabolisme, adoptez ces semelles magnétiques.","44,00 €",https://cdn.1001pharmacies.com/picture/product/247453/150x150/default.jpg?lastupdate=20220921040934
"Auris Magnetic","Semelles Magnétiques en Cuir avec Charbons Actifs Pointure 39","Pour un grand bien-être et une meilleure stimulation de votre métabolisme, adoptez ces semelles magnétiques.","44,00 €",https://cdn.1001pharmacies.com/picture/product/247452/150x150/default.jpg?lastupdate=20220921040934
Urgo,"Prévention Crevasses Crème Mains et Pieds 50ml","Urgo Prévention Crevasses Crème Mains et Pieds 50ml","6,90 €",https://cdn.1001pharmacies.com/picture/product/95949/150x150/default.jpg?lastupdate=20221121042751
Scholl,"Pansements Traitement Cors - 8 pansements",,"7,13 €",https://cdn.1001pharmacies.com/picture/product/86269/150x150/default.jpg?lastupdate=20221121042740
Scholl,"SCHOLL HALLUX VALGUS PROTEGE OIGNONS P39/42","Protège et soulage votre douleur grâce à ce protecteur ergonomique, fin et discret.","19,42 €",https://cdn.1001pharmacies.com/picture/product/85597/150x150/default.jpg?lastupdate=20221122010329
Scholl,"Gelactiv capuchon protecteur doigt orteil","Pansement à action médicamenteuse pour l'élimination des cors.Idéal pour protéger les problèmes d'orteils, d'ongles et de cors...","10,65 €",https://cdn.1001pharmacies.com/picture/product/85527/150x150/default.jpg?lastupdate=20221121042740
Scholl,"Scholl - Pansements Seconde Peau ampoules aux talon - 5 pansements","Soulage instantanément et favorise la cicatrisation.","7,78 €",https://cdn.1001pharmacies.com/picture/product/5727/150x150/default.jpg?lastupdate=20221121042559
Epitact,"Séparateur Orteils à L'Epithelium Gande Taille - 4 pièces","Epitact Séparateur Orteils à L'Epithelium Gande Taille 4 pièces","13,94 €",https://cdn.1001pharmacies.com/picture/product/49137/150x150/default.jpg?lastupdate=20221121042704
Epitact,"Protections Durillons Callosités - 3 pièces","Les pansements pour durillons à l'Epithelium permettent de soulager les durillons et callosités.","9,08 €",https://cdn.1001pharmacies.com/picture/product/49072/150x150/default.jpg?lastupdate=20221121042704
Epitact,"Doigtiers tissu à l'Epithelium 26 - 23mm - 2 Unités","Les doigtiers tissu à l'Epithelium 26 d'Epitact permet de soulager et traiter les douleurs liées aux cors pulpaires, ongles bleus...","6,76 €",https://cdn.1001pharmacies.com/picture/product/49065/150x150/default.jpg?lastupdate=20221121042704
Epitact,"Doigtier tissu à l'Epithelium 26 - 23mm - 1 Unité","Les doigtiers tissu à l'Epithelium 26 d'Epitact permet de soulager et traiter les douleurs liées aux cors pulpaires, ongles bleus...","11,98 €",https://cdn.1001pharmacies.com/picture/product/49064/150x150/default.jpg?lastupdate=20221121042704
Epitact,"Doigtiers tissu à l'Epithelium 26 - 26mm - 2 Unités","Les doigtiers tissu à l'Epithelium 26 d'Epitact permet de soulager et traiter les douleurs liées aux cors pulpaires, ongles bleus...","6,78 €",https://cdn.1001pharmacies.com/picture/product/49063/150x150/default.jpg?lastupdate=20221123072002
Epitact,"Doigtier tissu à l'Epithelium 26 - 26mm - 1 Unité","Les doigtiers tissu à l'Epithelium 26 d'Epitact permet de soulager et traiter les douleurs liées aux cors pulpaires, ongles bleus...","11,78 €",https://cdn.1001pharmacies.com/picture/product/49062/150x150/default.jpg?lastupdate=20221121042704
Epitact,"Doigtier tissu à l'Epithelium 26 - 36mm - 1 Unité","Les doigtiers tissu à l'Epithelium 26 d'Epitact permet de soulager et traiter les douleurs liées aux cors pulpaires, ongles bleus...","6,76 €",https://cdn.1001pharmacies.com/picture/product/49060/150x150/default.jpg?lastupdate=20221121042704
Cooper,"Auréocyde Crème assainissante antibactérienne - 15g","La Crème Assainissante Aureocyde des laboratoires Cooper est un soin assainissant et antibactérien conçu pour le traitement des lé...","7,55 €",https://cdn.1001pharmacies.com/picture/product/13438/150x150/default.jpg?lastupdate=20221123093045
Melibiotech,"Revamil - Baume cicatrisant au Miel 25% - 15 g","Revamil propose ce baume dermoprotecteur, cicatrisant, émollient, apaisant, et anti-bactérien, contenant 25% de miel. Il a été con...","10,98 €",https://cdn.1001pharmacies.com/picture/product/224333/150x150/default.jpg?lastupdate=20221122011543
Urgo,"Urgosyval - Sparadrap Résistant Blanc - 5m x 2,5cm","Urgo Urgosyval Sparadrap Résistant Blanc 5m x 2,5cm","2,31 €",https://cdn.1001pharmacies.com/picture/product/96051/150x150/default.jpg?lastupdate=20221122050719
Urgo,"Strapping 10cm x 2,5m - 1 bande","Idéal pour les lésions traumatiques musculaires, tendineuses, articulaires ou ligamentaires.","7,19 €",https://cdn.1001pharmacies.com/picture/product/96049/150x150/default.jpg?lastupdate=20221121042752
Urgo,"URGOSTRAPPING BANDE ADHESIVE CONTENTION 2M5 X 8CM","Idéal pour les lésions traumatiques musculaires, tendineuses, articulaires ou ligamentaires.","5,14 €",https://cdn.1001pharmacies.com/picture/product/96048/150x150/default.jpg?lastupdate=20221122010955
Urgo,"URGOSTRAPPING BANDE ADHESIVE CONTENTION 2M5 X 3CM","Idéal pour les lésions traumatiques musculaires, tendineuses, articulaires ou ligamentaires.","2,98 €",https://cdn.1001pharmacies.com/picture/product/96046/150x150/default.jpg?lastupdate=20221122010954
Urgo,"Urgoderm Sparadrap Non Tissé Extensible 10m x 15cm - 1 rouleau","Urgo Urgoderm Sparadrap Non Tissé Extensible 10m x 15cm 1 rouleau","16,96 €",https://cdn.1001pharmacies.com/picture/product/96026/150x150/default.jpg?lastupdate=20221121042752
Urgo,"URGO TRAITEMENT AMPOULE DOIGT ORTEIL PEAU PANS X6","Pansement hydrocolloïde seconde peau, haute résistance, doigt et orteil.","4,94 €",https://cdn.1001pharmacies.com/picture/product/96007/150x150/default.jpg?lastupdate=20221121071228
Urgo,"URGO PREVENTION AMPOULE PANS BANDE A DECOUPER X2","URGO Prévention Ampoules : bande à découper est composé de bandes hydrocolloïdes extra-fines qui agissent comme une véritable...","3,89 €",https://cdn.1001pharmacies.com/picture/product/95997/150x150/default.jpg?lastupdate=20221121042752
Urgo,"SURGIFIX FILET TUBULAIRE T6 TETE CUISSE ADULTE","Le filet de maintien de pansement tête et cuisse SURGIFIX, le filet de maintien extensible pour un confort sans entrave et un...","12,80 €",https://cdn.1001pharmacies.com/picture/product/93702/150x150/default.jpg?lastupdate=20221121042749
Hartmann,"Stérilux Compresses Ophtalmiques 5,6cm x 7cm - 10 pièces","Hartmann Stérilux Compresses Ophtalmiques 5,6cm x 7cm 10 pièces","6,11 €",https://cdn.1001pharmacies.com/picture/product/93087/150x150/default.jpg?lastupdate=20221122032642
Hartmann,"Stérilux ES Compresses de Gaze Hydrophiles 12 Plis 10 x 10cm - 100 pièces","Hartmann Stérilux ES Compresses de Gaze Hydrophiles 12 Plis 10 x 10cm 100 pièces","10,09 €",https://cdn.1001pharmacies.com/picture/product/93085/150x150/default.jpg?lastupdate=20221121042747
Pranarôm,"Citronnelle de Ceylan Huile Essentielle - 10ml","Pranarom Citronnelle de Ceylan Huile Essentielle 10ml","3,29 €",https://cdn.1001pharmacies.com/picture/product/77590/150x150/default.jpg?lastupdate=20221121042734
"Alphanova Santé","Bobo L'ours Rose","Alphanova Bobo L'ours Rose","7,54 €",https://cdn.1001pharmacies.com/picture/product/34439/150x150/default.jpg?lastupdate=20221121042648
Akileïne,"Sports Koo - 50ml",,"15,01 €",https://cdn.1001pharmacies.com/picture/product/33936/150x150/default.jpg?lastupdate=20221121042648
Akileïne,"Sports Ice Spray Froid Intense - 400ml","Traumatismes légers, bosses, hématomes, contusions.","13,32 €",https://cdn.1001pharmacies.com/picture/product/33932/150x150/default.jpg?lastupdate=20221121042648
"3C Pharma","Myocalm Contractions Musculaires Roll-On - 50ml","3C Pharma Myocalm Contractions Musculaires Roll-On 50ml","9,58 €",https://cdn.1001pharmacies.com/picture/product/249671/150x150/default.jpg?lastupdate=20221121104746
Pranarôm,"Aromaderm Cicarom Baume Réparateur Bio - 40ml","Pranarom Aromaderm Cicarom Baume Réparateur Bio 40ml","7,89 €",https://cdn.1001pharmacies.com/picture/product/246070/150x150/default.jpg?lastupdate=20221121043159
ABOCA,"Oroben Bain de Bouche - 150ml","Aboca Oroben Bain de Bouche 150ml","10,34 €",https://cdn.1001pharmacies.com/picture/product/245277/150x150/default.jpg?lastupdate=20221121043155
Florame,"Spray Anti-Moustiques Vêtements Bio - 90ml","Florame Spray Anti-Moustiques Vêtements Bio 90ml","11,88 €",https://cdn.1001pharmacies.com/picture/product/245249/150x150/default.jpg?lastupdate=20221121043155
Cooper,"Arnican Actifroid Gel Froid Craquant - 50ml","Arnican Actifroid Gel Froid Craquant 50ml","8,88 €",https://cdn.1001pharmacies.com/picture/product/244338/150x150/default.jpg?lastupdate=20221122010705
"Planet Kid","Stick Arnica - 11ml","Planet Kid Stick Arnica 11ml","7,89 €",https://cdn.1001pharmacies.com/picture/product/243701/150x150/default.jpg?lastupdate=20221121043139
Sissel,"Hot-Cold Pearl Relief Pack","Sissel Hot-Cold Pearl Relief Pack","14,94 €",https://cdn.1001pharmacies.com/picture/product/242785/150x150/default.jpg?lastupdate=20221121043130
Paranix,"Spécial Tiques Répulsif - 90ml","Paranix Spécial Tiques Répulsif 90ml","6,54 €",https://cdn.1001pharmacies.com/picture/product/242129/150x150/default.jpg?lastupdate=20221121043125
"CBX Medical","CanDrop Huile de CBD 30%","Cette huile de CBD All Natural respecte l’ensemble des règles de production pharmaceutique pour procurer un effet relaxant. Elle...","127,42 €",https://cdn.1001pharmacies.com/picture/product/250427/150x150/default.jpg?lastupdate=20221117051206
"CBX Medical","CanDrop Huile de CBD 20%","Cette huile de CBD All Natural respecte l’ensemble des règles de production pharmaceutique pour procurer un effet relaxant. Elle...","93,42 €",https://cdn.1001pharmacies.com/picture/product/250426/150x150/default.jpg?lastupdate=20221117051205
"CBX Medical","CanSmooth Crème Dermathologique Peaux Très Sèches CBD 400mg - 200ml","Crème dermatologique pour peaux très sèches, CanSmooth est une crème de 200ml qui nourrit et protège la peau.","22,87 €",https://cdn.1001pharmacies.com/picture/product/250422/150x150/default.jpg?lastupdate=20221117051204
"Laboratoire des Granions","Roll-On CBD Apaisant - 5ml","Le Roll-On Granions CBD AP est une association de CBD et d'huiles essentielles de lavande et de menthe sauvage 100% naturelles aux...","11,51 €",https://cdn.1001pharmacies.com/picture/product/250080/150x150/default.jpg?lastupdate=20221117051107
"Laboratoire des Granions","Roll-On CBD Zen - 5ml","Le Roll-On Granions CBD ZEN est une association de CBD et d'huiles essentielles de boswelliacarterii, lavande et petit grain 100%...","11,51 €",https://cdn.1001pharmacies.com/picture/product/250079/150x150/default.jpg?lastupdate=20221117051106
Cangum,"30 CBD Gummies Cangum Gout Fruits Rouges 10 mg CBD (300 mg CBD)","Besoin d’une petite pause bien-être et gourmande au cours de votre journée ? Laissez-vous tenter par nos succulents bonbons au goû...","19,99 €",https://cdn.1001pharmacies.com/picture/product/249762/150x150/default.jpg?lastupdate=20221117050955
Cangum,"30 CBD Gummies Cangum Gout Passion 5 mg CBD . 5 mg CBG (300 mg CBD et CBG)","Entre le travail, les transports et la vie familiale, vos journées sont souvent bien remplies, et il est tout à fait normal...","19,99 €",https://cdn.1001pharmacies.com/picture/product/249761/150x150/default.jpg?lastupdate=20221117050954
Wepet,"60 Capsules de CBD pour animaux 30 mg","Il est parfois difficile d’administrer à votre chien ou votre chat de l’huile de CBD : certains n’aiment pas le goût, et d’autres...","79,99 €",https://cdn.1001pharmacies.com/picture/product/249759/150x150/default.jpg?lastupdate=20221117050955
Wepet,"Huile de CBD 10% pour animaux","Il est aujourd’hui scientifiquement prouvé que les animaux sont autant réceptifs aux effets du CBD que les humains, et ce produit...","56,99 €",https://cdn.1001pharmacies.com/picture/product/249758/150x150/default.jpg?lastupdate=20221117050954
Wepet,"Huile de CBD pour chevaux 100 ml","Alors que les produits à base de CBD pour chiens et chats sont aujourd’hui disponibles en abondance sur le marché, nous vous...","149,99 €",https://cdn.1001pharmacies.com/picture/product/249757/150x150/default.jpg?lastupdate=20221117050953
Wepet,"Huile de CBD 4% pour animaux","Afin de proposer un produit spécifique aux animaux, cette huile de CBD est composée d’huile d’olive et de poisson. Pour pouvoir...","24,99 €",https://cdn.1001pharmacies.com/picture/product/249756/150x150/default.jpg?lastupdate=20221117050952
Asabio,"Infusions CBD Sérenité - 50g","Grâce à une savoureuse association du Cannabidiol et de différentes plantes ou fruits biologiques, profitez de ce que la nature a ...","19,99 €",https://cdn.1001pharmacies.com/picture/product/249755/150x150/default.jpg?lastupdate=20221117050952
"Vital Perfect","Viagarax Stimulant Sexuel et Aphrodisiaque Homme - 10 gélules","Un complément alimentaire stimulant Vous souhaitez augmenter votre désir sexuel ? Découvrez le complément alimentaire Viagarax...","39,00 €",https://cdn.1001pharmacies.com/picture/product/246599/150x150/default.jpg?lastupdate=20221122011546
"Vital Perfect","Performan Pills Performance Sexuelle et Endurance de l’Homme - 10 gélules","Un complément alimentaire pour la performance et l’endurance sexuelle Vous souhaitez améliore vos performances sexuelles ?...","29,00 €",https://cdn.1001pharmacies.com/picture/product/246588/150x150/default.jpg?lastupdate=20221122011527
Protex,"Protex Stymulève - 12 préservatifs","Protex Stymulève 12 préservatifs","7,08 €",https://cdn.1001pharmacies.com/picture/product/78332/150x150/default.jpg?lastupdate=20221122011531
Hydralin,"Quotidien Gel lavant Offre Spéciale - 2x400ml","Hydralin Quotidien permet de vous prémunir des petits désagréments et de préserver l'équilibre de votre flore intime tout en...","21,48 €",https://cdn.1001pharmacies.com/picture/product/7188/150x150/default.jpg?lastupdate=20221122011555
Hydralin,"Gyn Gel Calmant Irritation Intime - 200ml","Hydralin Gyn aide à soulager les irritations et l’inconfort intime tout au long de la journée grâce à : Sa formulation à base de...","11,98 €",https://cdn.1001pharmacies.com/picture/product/7183/150x150/default.jpg?lastupdate=20221122011529
"Vital Perfect","Bois Bandé des Antillais Véritable Stimulant Sexuel Aphrodisiaque Homme ou Femme - 100ml","Un véritable stimulant sexuel Vous souhaitez stimuler vos envies sexuelles ? Découvrez le Bois Bandé des Antillais Véritable...","24,00 €",https://cdn.1001pharmacies.com/picture/product/246601/150x150/default.jpg?lastupdate=20221122011556
"Vital Perfect","Attirance Phéromones Parfum pour Attirer et Séduire les Femmes - 50ml","Un parfum activateur de phéromones Vous souhaitez attirer l’attention des femmes ? Découvrez le Parfum Attirance Phéromones des...","39,00 €",https://cdn.1001pharmacies.com/picture/product/246595/150x150/default.jpg?lastupdate=20221122011527
Saugella,"Dermoliquide - 2 x 500ml","La solution Saugella Dermoliquide est une émulsion nettoyante pour la toilette intime quotidienne. Elle préserve l'équilibre des...","21,88 €",https://cdn.1001pharmacies.com/picture/product/219966/150x150/default.jpg?lastupdate=20221122011531
Protex,"Préservatif Stymulève - boîte de 6 préservatifs","Les Préservatifs Stymulève de Protex ont été créés pour augmenter votre plaisir au maximum ! La forme anatomique pour lui, la...","3,06 €",https://cdn.1001pharmacies.com/picture/product/13260/150x150/default.jpg?lastupdate=20221122011531
Protex,"Standard Plus Préservatifs - 144 pièces","Protex Standard Plus Préservatifs 144 pièces","32,51 €",https://cdn.1001pharmacies.com/picture/product/78330/150x150/default.jpg?lastupdate=20221121042736
Pranarôm,"Huile Essentielle Rose de Damas - 5ml","Pranarom Huile Essentielle Rose de Damas 5ml","168,15 €",https://cdn.1001pharmacies.com/picture/product/77663/150x150/default.jpg?lastupdate=20221121042735
Pileje,"Phytostandard Aubépine Passiflore - 30 comprimés","Pileje Phytostandard Aubépine Passiflore 30 comprimés","17,87 €",https://cdn.1001pharmacies.com/picture/product/76392/150x150/default.jpg?lastupdate=20221121042732
Puressentiel,"Sommeil & Détente spray aérien aux 12 huiles essentielles - 75 ml","Sommeil & Détente spray aérien aux 12 huiles essentielles, de Puressentiel, possède une action de jour comme de nuit. Le jour, il...","10,37 €",https://cdn.1001pharmacies.com/picture/product/3223/150x150/default.jpg?lastupdate=20221122011547
novodex,"Ronflor Anti-Ronflement Spray Buccal - 50ml","Novodex Ronflor Anti-Ronflement Spray Buccal 50ml","11,86 €",https://cdn.1001pharmacies.com/picture/product/83159/150x150/default.jpg?lastupdate=20221121042739
Pranarôm,"Valériane Officinale Huile Essentielle - 5ml","Pranarom Valériane Officinale Huile Essentielle 5ml","13,62 €",https://cdn.1001pharmacies.com/picture/product/77677/150x150/default.jpg?lastupdate=20221121042735
Pranarôm,"Huile Essentielle Rose de Damas - 5ml","Pranarom Huile Essentielle Rose de Damas 5ml","168,15 €",https://cdn.1001pharmacies.com/picture/product/77663/150x150/default.jpg?lastupdate=20221121042735
Pranarôm,"Petit Grain Mandarine - 5ml","Pranarom Petit Grain Mandarine 5ml","8,39 €",https://cdn.1001pharmacies.com/picture/product/77655/150x150/default.jpg?lastupdate=20221121042735
Pranarôm,"Mélisse Officinale Huile Essentielle - 5ml","Pranarom Mélisse Officinale Huile Essentielle 5ml","57,88 €",https://cdn.1001pharmacies.com/picture/product/77632/150x150/default.jpg?lastupdate=20221121042734
Pranarôm,"Huile Essentielle Céleri - 10ml","Pranarom Huile Essentielle Céleri 10ml","6,94 €",https://cdn.1001pharmacies.com/picture/product/77588/150x150/default.jpg?lastupdate=20221121042734
Pileje,"Phytostandard Valériane - 20 gélules","Pileje Phytostandard Valériane 20 gélules","9,95 €",https://cdn.1001pharmacies.com/picture/product/76443/150x150/default.jpg?lastupdate=20221121042732
Arkopharma,"Arkogélules Millepertuis - 45 capsules","Arkopharma Arkogélules Millepertuis 45 capsules","9,98 €",https://cdn.1001pharmacies.com/picture/product/6949/150x150/default.jpg?lastupdate=20221122051721
"Laboratoire des Granions","L-Tryptophane - 60 gélules","Granions L-Tryptophane 60 gélules","21,25 €",https://cdn.1001pharmacies.com/picture/product/55162/150x150/default.jpg?lastupdate=20221121042710
"Elixirs & Co","Sommeil Bio - 20ml","Elixirs & Co Sommeil Bio 20ml","15,96 €",https://cdn.1001pharmacies.com/picture/product/51989/150x150/default.jpg?lastupdate=20221121042706
"Phytosun Arôms","Stress Et Sommeil Huile Massage Relaxation Kiné+3 50 ml","Favorise la détente. Ce produit contribue à libérer les tensions et soulager les sensations d’oppression et de contrariété.","18,78 €",https://cdn.1001pharmacies.com/picture/product/4977/150x150/default.jpg?lastupdate=20221121042554
