1;"Doliprane 1000 mg";https://www.pharmanity.com/assets/img/parapharmacie/thumb-doliprane-1000-mg-8-comprimes-i1.jpg;2,18€;1
2;"Dolipranecaps 1000 mg";https://www.pharmanity.com/assets/img/parapharmacie/thumb-dolipranecaps-1000-mg-8-gelules-i117259.jpg;2,13€;1
3;"Dolipranetabs 1000 mg";https://www.pharmanity.com/assets/img/parapharmacie/thumb-dolipranetabs-1000-mg-8-comprimes-pellicules-i117257.jpg;2,12€;1
4;"Doliprane 1000 mg";https://www.pharmanity.com/assets/img/parapharmacie/thumb-doliprane-1000-mg-8-comprimes-effervescents-secables-i8.jpg;2,18€;1
5;"Doliprane 500 mg";https://www.pharmanity.com/assets/img/parapharmacie/thumb-doliprane-500-mg-16-comprimes-i9.jpg;2,18€;1
6;"Doliprane 1000 mg";https://www.pharmanity.com/assets/img/parapharmacie/thumb-doliprane-1000-mg-8-gelules-i13.jpg;2,18€;1
7;"Doliprane 2,4 % sans sucre";https://www.pharmanity.com/assets/img/parapharmacie/thumb-doliprane-2-4-pourcent-sans-sucre-flacon-de-100-ml-de-suspension-buvable-i14.jpg;2,40€;1
8;"Doliprane 500 mg";https://www.pharmanity.com/assets/img/parapharmacie/thumb-doliprane-500-mg-16-gelules-i16.jpg;2,18€;1
9;"Doliprane 1000 mg";https://www.pharmanity.com/assets/img/parapharmacie/thumb-doliprane-1000-mg-8-sachets-i49.jpg;2,18€;1
10;"Doliprane 500 mg";https://www.pharmanity.com/assets/img/parapharmacie/thumb-doliprane-500-mg-12-sachets-i65.jpg;2,18€;1
11;"Doliprane 500 mg";https://www.pharmanity.com/assets/img/parapharmacie/thumb-doliprane-500-mg-16-comprimes-effervescents-i72.jpg;2,18€;1
12;"Doliprane 300 mg";https://www.pharmanity.com/assets/img/parapharmacie/thumb-doliprane-300-mg-12-sachets-i97.jpg;2,18€;1
13;"Doliprane 150 mg";https://www.pharmanity.com/assets/img/parapharmacie/thumb-doliprane-150-mg-10-suppositoires-i191.jpg;2,35€;1
14;"Doliprane 100 mg";https://www.pharmanity.com/assets/img/parapharmacie/thumb-doliprane-100-mg-10-suppositoires-i374.jpg;2,35€;1
15;"Doliprane 200 mg";https://www.pharmanity.com/assets/img/parapharmacie/thumb-doliprane-200-mg-10-suppositoires-i484.jpg;2,35€;1
16;"Doliprane 300 mg";https://www.pharmanity.com/assets/img/parapharmacie/thumb-doliprane-300-mg-10-suppositoires-i809.jpg;2,35€;1
17;"Doliprane adultes 1000 mg";https://www.pharmanity.com/assets/img/parapharmacie/thumb-doliprane-adultes-1000-mg-8-suppositoires-i1260.jpg;2,48€;1
18;"Doliprane 200 mg";https://www.pharmanity.com/assets/img/parapharmacie/thumb-doliprane-200-mg-12-sachets-i1537.jpg;2,18€;1
19;"Dolipraneorodoz 500 mg";https://www.pharmanity.com/assets/img/parapharmacie/thumb-dolipraneoro-500-mg-12-comprimes-orodispersibles-i1658.jpg;2,85€;1
20;"Dolipranevitaminec 500 mg/150 mg";https://www.pharmanity.com/assets/img/parapharmacie/thumb-dolipranevitaminec-500-mg-150-mg-16-comprimes-effervescents-i11881.png;2,68€;1
21;"Doliprane 100 mg";https://www.pharmanity.com/assets/img/parapharmacie/thumb-doliprane-100-mg-12-sachets-i13542.jpg;2,18€;1
22;"Efferalgan capuccino 1000 mg";https://www.pharmanity.com/assets/img/parapharmacie/thumb-efferalgan-capuccino-1000-mg-granules-en-sachet-i117980.jpg;3,53€;1
23;"Efferalgan vanille fraise 500 mg";https://www.pharmanity.com/assets/img/parapharmacie/thumb-efferalgan-vanille-fraise-500-mg-granules-en-sachet-i117981.jpg;3,54€;1
24;"Efferalgan vanille fraise 250 mg";https://www.pharmanity.com/assets/img/parapharmacie/thumb-efferalgan-vanille-fraise-250-mg-granules-en-sachet-i117982.jpg;3,27€;1
25;"Dafalgan 1 g";https://www.pharmanity.com/assets/img/parapharmacie/thumb-dafalgan-1-g-8-comprimes-pellicules-i5.jpg;2,18€;1
26;"Dafalgan 500 mg";https://www.pharmanity.com/assets/img/parapharmacie/thumb-dafalgan-500-mg-16-gelules-i6.jpg;2,18€;1
27;"EfferalganMed 1 g";https://www.pharmanity.com/assets/img/parapharmacie/thumb-efferalganmed-1-g-8-comprimes-effervescents-i7.jpg;2,18€;1
28;"Efferalgan 500 mg";https://www.pharmanity.com/assets/img/parapharmacie/thumb-efferalgan-500-mg-16-comprimes-effervescents-secables-i22.jpg;2,18€;1
29;"Paracetamol mylan 1 g";https://www.pharmanity.com/assets/img/parapharmacie/thumb-paracetamol-mylan-1-g-8-comprimes-secables-i24.jpg;2,18€;1
30;"Paracetamol teva 1 g";https://www.pharmanity.com/assets/img/parapharmacie/thumb-paracetamol-teva-1-g-8-comprimes-i55.jpg;2,18€;1
31;"Nurofenflash 400 mg";https://www.pharmanity.com/assets/img/parapharmacie/thumb-nurofenflash-400-mg-12-comprimes-pellicules-i58.jpg;5,23€;1
32;"Advilmed enfants et nourrissons 20 mg/1 ml";https://www.pharmanity.com/assets/img/parapharmacie/thumb-advilmed-enfants-et-nourrissons-20-mg-1-ml-flacon-de-200-ml-de-suspension-buvable-i96.jpg;3,66€;1
33;"Piascledine 300 mg";https://www.pharmanity.com/assets/img/parapharmacie/thumb-piascledine-300-mg-15-gelules-i27.jpg;10,22€;2
34;"Chondrosulf 400 mg";https://www.pharmanity.com/assets/img/parapharmacie/thumb-chondrosulf-400-mg-84-gelules-i94.jpg;23,11€;2
35;"Flector 1 %";https://www.pharmanity.com/assets/img/parapharmacie/thumb-flector-1-pourcent-100-g-de-gel-dermique-i111.jpg;3,70€;2
36;"Flector 1 %";https://www.pharmanity.com/assets/img/parapharmacie/thumb-flector-1-pourcent-60-g-de-gel-i118.jpg;3,09€;2
37;"Niflugel 2,5 %";https://www.pharmanity.com/assets/img/parapharmacie/thumb-niflugel-2-5-pourcent-60-g-de-gel-percutane-i277.jpg;3,16€;2
38;Arnigel;https://www.pharmanity.com/assets/img/parapharmacie/thumb-arnigel-45-g-de-gel-i295.png;4,96€;2
39;"Voltarene emulgel 1 %";https://www.pharmanity.com/assets/img/parapharmacie/thumb-voltarene-emulgel-1-pourcent-flacon-de-100-ml-de-gel-i337.jpg;3,72€;2
40;"Plaquenil 200 mg";https://www.pharmanity.com/assets/img/parapharmacie/thumb-plaquenil-200-mg-30-comprimes-pellicules-i425.jpg;4,42€;2
41;"Voltarene emulgel 1 %";https://www.pharmanity.com/assets/img/parapharmacie/thumb-voltarene-emulgel-1-pourcent-50-g-de-gel-i554.jpg;2,90€;2
42;"Diclofenac mylan 1 %";https://www.pharmanity.com/assets/img/parapharmacie/thumb-diclofenac-mylan-1-pourcent-50-g-de-gel-i632.png;2,76€;2
43;"Structoflex 625 mg";https://www.pharmanity.com/assets/img/parapharmacie/thumb-structoflex-625-mg-60-gelules-i648.jpg;15,55€;2
44;"Diclofenac bgr 1 %";https://www.pharmanity.com/assets/img/parapharmacie/thumb-diclofenac-bgr-1-pourcent-50-g-de-gel-i745.jpg;2,76€;2
45;"Dolenio 1178 mg";https://www.pharmanity.com/assets/img/parapharmacie/thumb-dolenio-1178-mg-30-comprimes-pellicules-i748.jpg;17,01€;2
46;"Voltarenplast 1 %";https://www.pharmanity.com/assets/img/parapharmacie/thumb-voltarenplast-1-pourcent-5-emplatres-i789.jpg;13,69€;2
47;"Synthol - 75 g de gel";https://www.pharmanity.com/assets/img/parapharmacie/thumb-synthol-75-g-de-gel-i816.png;5,99€;2
48;"Synthol Flacon de 225 ml de solution pour application locale";https://www.pharmanity.com/assets/img/parapharmacie/thumb-synthol-flacon-de-225-ml-de-solution-pour-application-locale-i829.png;6,74€;2
49;"Arnican 4 %";https://www.pharmanity.com/assets/img/parapharmacie/thumb-arnican-4-pourcent-50-g-de-creme-i966.jpg;5,02€;2
50;"Ibufetum 5 %";https://www.pharmanity.com/assets/img/parapharmacie/thumb-ibufetum-5-pourcent-60-g-de-gel-dermique-i1011.jpg;3,00€;2
51;"Flexea 625 mg";https://www.pharmanity.com/assets/img/parapharmacie/thumb-flexea-625-mg-60-comprimes-i1077.jpg;15,85€;2
52;Sportenine;https://www.pharmanity.com/assets/img/no-picture.png;7,09€;2
53;"Voltarenactigo 2 % intense";https://www.pharmanity.com/assets/img/parapharmacie/thumb-voltarenactigo-2-intense-30-g-de-gel-dermique-i1122.jpeg;7,24€;2
54;"Extranase 900 nk";https://www.pharmanity.com/assets/img/parapharmacie/thumb-extranase-900-nk-80-comprimes-enrobes-gastro-resistants-i1331.jpg;7,54€;2
55;"Structum 500 mg";https://www.pharmanity.com/assets/img/parapharmacie/thumb-structum-500-mg-60-gelules-i1433.jpg;17,16€;2
56;"Voltarenactigo 1 %";https://www.pharmanity.com/assets/img/parapharmacie/thumb-voltarenactigo-1-pourcent-flacon-de-50-ml-de-gel-i1530.jpg;7,00€;2
57;"Baume aroma";https://www.pharmanity.com/assets/img/parapharmacie/thumb-baume-aroma-flacon-de-50-g-de-creme-dermique-i1621.jpg;6,24€;2
58;"Boiron Arnicalme";https://www.pharmanity.com/assets/img/parapharmacie/thumb-boiron-arnicalme-40-comprimes-orodispersibles-i1693.jpeg;6,27€;2
59;Lumbalgine;https://www.pharmanity.com/assets/img/parapharmacie/thumb-lumbalgine-90-g-de-creme-i2045.jpg;6,66€;2
60;"Baume aroma";https://www.pharmanity.com/assets/img/parapharmacie/thumb-baume-aroma-100-g-de-creme-i2088.jpeg;8,52€;2
61;Osmogel;https://www.pharmanity.com/assets/img/parapharmacie/thumb-osmogel-90-g-de-gel-pour-application-locale-i2515.jpg;7,92€;2
62;Cliptol;https://www.pharmanity.com/assets/img/parapharmacie/thumb-cliptol-50-g-de-gel-i2567.jpeg;6,00€;2
63;"Advilmed 5 %";https://www.pharmanity.com/assets/img/parapharmacie/thumb-advilmed-5-pourcent-100-g-de-gel-i2607.jpg;4,24€;2
64;"Antarene 5 %";https://www.pharmanity.com/assets/img/parapharmacie/thumb-antarene-5-pourcent-50-g-de-gel-i2781.jpg;2,88€;2
65;"Nicorettespray 1 mg/dose";https://www.pharmanity.com/assets/img/parapharmacie/thumb-nicorettespray-1-mg-dose-flacon-de-13-2-ml-de-solution-pour-pulverisation-buccale-i2471.jpg;20,81€;3
66;"Nicopass 1,5 mg sans sucre menthe fraicheur";https://www.pharmanity.com/assets/img/parapharmacie/thumb-nicopass-1-5-mg-sans-sucre-menthe-fraicheur-96-pastilles-a-sucer-i2529.jpg;9,26€;3
67;"Nicopass 1,5 mg sans sucre menthe fraicheur";https://www.pharmanity.com/assets/img/parapharmacie/thumb-nicopass-1-5-mg-sans-sucre-menthe-fraicheur-144-pastilles-a-sucer-i2601.jpg;25,51€;3
68;"Nicopatch 21 mg/24 h";https://www.pharmanity.com/assets/img/parapharmacie/thumb-nicopatch-21-mg-24-h-28-dispositifs-transdermiques-i2899.png;24,87€;3
69;"Nicopass 1,5 mg sans sucre menthe fraicheur";https://www.pharmanity.com/assets/img/parapharmacie/thumb-nicopass-1-5-mg-sans-sucre-menthe-fraicheur-36-pastilles-a-sucer-i3605.jpg;8,37€;3
70;"Nicorette 2 mg sans sucre";https://www.pharmanity.com/assets/img/parapharmacie/thumb-nicorette-2-mg-sans-sucre-210-gommes-a-macher-i3631.jpg;23,44€;3
71;"Nicorette microtab 2 mg";https://www.pharmanity.com/assets/img/parapharmacie/thumb-nicorette-microtab-2-mg-100-comprimes-sublinguaux-i3799.jpg;10,66€;3
72;"Nicotinell menthe fraicheur 2 mg sans sucre";https://www.pharmanity.com/assets/img/parapharmacie/thumb-nicotinell-menthe-fraicheur-2-mg-sans-sucre-96-gommes-a-macher-i3858.jpg;11,30€;3
73;"Nicorette menthe fraiche 2 mg sans sucre";https://www.pharmanity.com/assets/img/parapharmacie/thumb-nicorette-menthe-fraiche-2-mg-sans-sucre-30-gommes-a-macher-i3984.jpg;6,84€;3
74;"Niquitinminis 1,5 mg sans sucre";https://www.pharmanity.com/assets/img/parapharmacie/thumb-niquitinminis-1-5-mg-sans-sucre-60-comprimes-a-sucer-i3988.jpeg;9,73€;3
75;"Nicorette fruits 2 mg sans sucre";https://www.pharmanity.com/assets/img/parapharmacie/thumb-nicorette-fruits-2-mg-sans-sucre-105-gommes-a-macher-i4008.jpg;12,26€;3
76;"Nicopatch 14 mg/24 h";https://www.pharmanity.com/assets/img/parapharmacie/thumb-nicopatch-14-mg-24-h-28-dispositifs-transdermiques-i4058.png;24,74€;3
77;"Nicorette menthe fraiche 2 mg sans sucre";https://www.pharmanity.com/assets/img/parapharmacie/thumb-nicorette-menthe-fraiche-2-mg-sans-sucre-105-gommes-a-macher-i4226.jpg;12,26€;3
78;"Nicorette 2 mg sans sucre";https://www.pharmanity.com/assets/img/parapharmacie/thumb-nicorette-2-mg-sans-sucre-105-gommes-a-macher-i4315.jpg;12,26€;3
79;"Nicorette 4 mg sans sucre";https://www.pharmanity.com/assets/img/parapharmacie/thumb-nicorette-4-mg-sans-sucre-105-gommes-a-macher-i4318.jpg;12,26€;3
80;"Nicotinell Patch 21mg x 28";https://www.pharmanity.com/assets/img/parapharmacie/thumb-nicotinell-patch-21mg-x-28-i4384.jpg;24,11€;3
81;"Nicopatch 21 mg/24 h";https://www.pharmanity.com/assets/img/parapharmacie/thumb-nicopatch-21-mg-24-h-7-dispositifs-transdermiques-i4448.png;7,42€;3
82;"Nicorette menthe glaciale 2 mg sans sucre";https://www.pharmanity.com/assets/img/parapharmacie/thumb-nicorette-menthe-glaciale-2-mg-sans-sucre-30-gommes-a-macher-i4768.jpg;6,81€;3
83;"Nicorette menthe glaciale 2 mg sans sucre";https://www.pharmanity.com/assets/img/parapharmacie/thumb-nicorette-menthe-glaciale-2-mg-sans-sucre-105-gommes-a-macher-i4912.jpg;12,26€;3
84;"Nicotinell menthe fraicheur 4 mg sans sucre";https://www.pharmanity.com/assets/img/parapharmacie/thumb-nicotinell-menthe-fraicheur-4-mg-sans-sucre-96-gommes-a-macher-i4914.jpg;11,30€;3
85;"Nicotinell menthe fraicheur 2 mg sans sucre";https://www.pharmanity.com/assets/img/parapharmacie/thumb-nicotinell-menthe-fraicheur-2-mg-sans-sucre-204-gommes-a-macher-i5031.jpg;23,89€;3
86;"Niquitin 21 mg/24 heures";https://www.pharmanity.com/assets/img/parapharmacie/thumb-niquitin-21-mg-24-heures-28-dispositifs-transdermiques-i5085.jpg;24,11€;3
87;"Nicorette menthe fraiche 4 mg sans sucre";https://www.pharmanity.com/assets/img/parapharmacie/thumb-nicorette-menthe-fraiche-4-mg-sans-sucre-105-gommes-a-macher-i5086.jpg;12,26€;3
88;"Nicorette menthe fraiche 2 mg sans sucre";https://www.pharmanity.com/assets/img/parapharmacie/thumb-nicorette-menthe-fraiche-2-mg-sans-sucre-210-gommes-a-macher-i5101.jpg;23,44€;3
89;"Nicopatch 14 mg/24 h";https://www.pharmanity.com/assets/img/parapharmacie/thumb-nicopatch-14-mg-24-h-7-dispositifs-transdermiques-i5205.png;7,20€;3
90;"Nicorette fruits 2 mg sans sucre";https://www.pharmanity.com/assets/img/parapharmacie/thumb-nicorette-fruits-2-mg-sans-sucre-30-gommes-a-macher-i5297.jpg;6,97€;3
91;"Nicotinell menthe 1 mg";https://www.pharmanity.com/assets/img/parapharmacie/thumb-nicotinell-menthe-1-mg-36-comprimes-a-sucer-i5334.jpg;5,05€;3
92;"Nicotinell menthe 2 mg";https://www.pharmanity.com/assets/img/parapharmacie/thumb-nicotinell-menthe-2-mg-36-comprimes-a-sucer-i5403.jpg;5,05€;3
93;"Nicopass 1,5 mg sans sucre eucalyptus";https://www.pharmanity.com/assets/img/parapharmacie/thumb-nicopass-1-5-mg-sans-sucre-eucalyptus-96-pastilles-a-sucer-i5550.jpg;9,26€;3
94;"Nicotinell menthe fraicheur 2 mg sans sucre";https://www.pharmanity.com/assets/img/parapharmacie/thumb-nicotinell-menthe-fraicheur-2-mg-sans-sucre-36-gommes-a-macher-i5567.jpg;4,98€;3
95;"Nicotinell tts 14 mg/24 h";https://www.pharmanity.com/assets/img/parapharmacie/thumb-nicotinell-tts-14-mg-24-h-28-dispositifs-transdermiques-i5690.jpg;24,11€;3
96;"Nicorette menthe fraiche 4 mg sans sucre";https://www.pharmanity.com/assets/img/parapharmacie/thumb-nicorette-menthe-fraiche-4-mg-sans-sucre-30-gommes-a-macher-i5842.jpg;7,08€;3
97;"Donormyl 15 mg";https://www.pharmanity.com/assets/img/parapharmacie/thumb-donormyl-15-mg-10-comprimes-pellicules-secables-i46.jpg;2,82€;4
98;Euphytose;https://www.pharmanity.com/assets/img/parapharmacie/thumb-euphytose-120-comprimes-enrobes-i107.jpg;8,68€;4
99;Spasmine;https://www.pharmanity.com/assets/img/parapharmacie/thumb-spasmine-60-comprimes-enrobes-i728.jpeg;8,40€;4
100;"Doxylamine biogaran conseil 15 mg";https://www.pharmanity.com/assets/img/parapharmacie/thumb-doxylamine-biogaran-conseil-15-mg-10-comprimes-pellicules-secables-i1107.png;1,97€;4
101;"Donormyl 15 mg";https://www.pharmanity.com/assets/img/parapharmacie/thumb-donormyl-15-mg-10-comprimes-effervescents-secables-i1134.jpg;3,55€;4
102;Zenalia;https://www.pharmanity.com/assets/img/parapharmacie/thumb-zenalia-30-comprimes-sublinguaux-i1554.jpg;6,08€;4
103;"Boiron Quiétude";https://www.pharmanity.com/assets/img/parapharmacie/thumb-boiron-quietude-flacon-de-200-ml-de-sirop-i1832.jpeg;6,93€;4
104;"Doxylamine sandoz conseil 15 mg";https://www.pharmanity.com/assets/img/parapharmacie/thumb-doxylamine-sandoz-conseil-15-mg-10-comprimes-pellicules-secables-i2039.jpg;1,98€;4
105;Tranquital;https://www.pharmanity.com/assets/img/parapharmacie/thumb-tranquital-100-comprimes-enrobes-i2043.jpg;7,48€;4
106;"Lidene 15 mg";https://www.pharmanity.com/assets/img/parapharmacie/thumb-lidene-15-mg-10-comprimes-pellicules-secables-i2083.jpg;2,54€;4
107;Cardiocalm;https://www.pharmanity.com/assets/img/parapharmacie/thumb-cardiocalm-40-comprimes-enrobes-i2351.jpg;4,75€;4
108;"Doxylamine mylan conseil 15 mg";https://www.pharmanity.com/assets/img/parapharmacie/thumb-doxylamine-mylan-conseil-15-mg-10-comprimes-i2461.jpg;1,94€;4
109;Sympathyl;https://www.pharmanity.com/assets/img/parapharmacie/thumb-sympathyl-40-comprimes-pellicules-i2792.jpg;2,12€;4
110;Cardiocalm;https://www.pharmanity.com/assets/img/parapharmacie/thumb-cardiocalm-80-comprimes-enrobes-i3076.jpg;8,53€;4
111;"Arkogelules valeriane";https://www.pharmanity.com/assets/img/parapharmacie/thumb-arkogelules-valeriane-45-gelules-i3250.jpg;7,55€;4
112;Spasmine;https://www.pharmanity.com/assets/img/parapharmacie/thumb-spasmine-30-comprimes-enrobes-i3673.jpg;5,31€;4
113;"Arkopharma Arkogelules eschscholtzia";https://www.pharmanity.com/assets/img/parapharmacie/thumb-arkopharma-arkogelules-eschscholtzia-45-gelules-i3902.jpeg;7,46€;4
114;Omezelis;https://www.pharmanity.com/assets/img/parapharmacie/thumb-omezelis-40-comprimes-enrobes-i4608.jpg;6,62€;4
115;"Calcibronat 2 g";https://www.pharmanity.com/assets/img/parapharmacie/thumb-calcibronat-2-g-20-comprimes-effervescents-i4793.jpg;12,85€;4
116;"Arkopharma Arkogelules passiflore";https://www.pharmanity.com/assets/img/parapharmacie/thumb-arkopharma-arkogelules-passiflore-45-gelules-i4817.jpeg;7,48€;4
117;"Elusanes eschscholtzia";https://www.pharmanity.com/assets/img/parapharmacie/thumb-elusanes-eschscholtzia-30-gelules-i5279.jpg;7,03€;4
118;"Aubeline arkogelules";https://www.pharmanity.com/assets/img/parapharmacie/thumb-aubeline-arkogelules-45-gelules-i5423.jpg;7,41€;4
119;Biocarde;https://www.pharmanity.com/assets/img/parapharmacie/thumb-biocarde-flacon-de-30-ml-de-solution-buvable-en-gouttes-i5672.jpg;10,06€;4
120;Passiflorine;https://www.pharmanity.com/assets/img/parapharmacie/thumb-passiflorine-flacon-de-125-ml-de-solution-buvable-i5753.jpg;7,24€;4
121;"Plenesia nervosite";https://www.pharmanity.com/assets/img/parapharmacie/thumb-plenesia-nervosite-60-comprimes-enrobes-i5879.jpg;13,13€;4
122;"Arkopharma Arkogelules Mélisse";https://www.pharmanity.com/assets/img/parapharmacie/thumb-arkopharma-arkogelules-melisse-45-gelules-i6979.jpeg;9,49€;4
123;"Elusanes valeriane 200 mg";https://www.pharmanity.com/assets/img/parapharmacie/thumb-elusanes-valeriane-200-mg-30-gelules-i7211.jpg;6,99€;4
124;"Elusanes aubepine Naturactive";https://www.pharmanity.com/assets/img/parapharmacie/thumb-elusanes-aubepine-30-gelules-i7682.jpg;7,02€;4
125;"Arkogelules valeriane";https://www.pharmanity.com/assets/img/parapharmacie/thumb-arkogelules-valeriane-150-gelules-i7883.jpg;19,02€;4
126;"Elusanes valeriane Naturactive 200 mg";https://www.pharmanity.com/assets/img/parapharmacie/thumb-elusanes-valeriane-200-mg-60-gelules-i7982.png;12,41€;4
127;"Homeogene 46";https://www.pharmanity.com/assets/img/parapharmacie/thumb-homeogene-46-60-comprimes-orodispersibles-i8289.jpg;7,02€;4
128;"Elusanes passiflore Naturactive";https://www.pharmanity.com/assets/img/parapharmacie/thumb-elusanes-passiflore-30-gelules-i8570.jpg;6,99€;4
129;"Dulcolax 10 mg";https://www.pharmanity.com/assets/img/parapharmacie/thumb-dulcolax-10-mg-6-suppositoires-i5125.jpg;6,42€;5
130;"Dulcolax 5 mg";https://www.pharmanity.com/assets/img/parapharmacie/thumb-dulcolax-5-mg-30-comprimes-enrobes-gastro-resistants-i163.jpg;6,71€;5
131;Spasfon;https://www.pharmanity.com/assets/img/parapharmacie/thumb-spasfon-30-comprimes-enrobes-i15.jpg;3,16€;5
132;Meteospasmyl;https://www.pharmanity.com/assets/img/parapharmacie/thumb-meteospasmyl-20-capsules-i20.png;3,68€;5
133;Gaviscon;https://www.pharmanity.com/assets/img/parapharmacie/thumb-gaviscon-24-sachets-i21.jpg;3,04€;5
134;"Spasfon lyoc 80 mg";https://www.pharmanity.com/assets/img/parapharmacie/thumb-spasfon-lyoc-80-mg-10-comprimes-orodispersibles-i25.jpg;2,45€;5
135;"Macrogol 4000 mylan 10 g";https://www.pharmanity.com/assets/img/parapharmacie/thumb-macrogol-4000-mylan-10-g-20-sachets-i47.jpg;3,53€;5
136;"Smecta orange vanille";https://www.pharmanity.com/assets/img/parapharmacie/thumb-smecta-30-sachets-i48.jpg;4,39€;5
137;Movicol;https://www.pharmanity.com/assets/img/parapharmacie/thumb-movicol-20-sachets-i50.jpg;4,26€;5
138;"Macrogol biogaran 10 g";https://www.pharmanity.com/assets/img/parapharmacie/thumb-macrogol-biogaran-10-g-20-sachets-i64.jpg;3,53€;5
139;"Upsa Citrate de betaine citron upsa 2 g sans sucre";https://www.pharmanity.com/assets/img/parapharmacie/thumb-upsa-citrate-de-betaine-citron-upsa-2-g-sans-sucre-20-comprimes-effervescents-i75.jpeg;4,29€;5
140;"Transipeg 5,9 g";https://www.pharmanity.com/assets/img/parapharmacie/thumb-transipeg-5-9-g-20-sachets-i80.jpg;3,97€;5
141;"Spasfon lyoc 160 mg";https://www.pharmanity.com/assets/img/parapharmacie/thumb-spasfon-lyoc-160-mg-5-comprimes-orodispersibles-i86.jpg;2,45€;5
142;"Normacol lavement adultes";https://www.pharmanity.com/assets/img/parapharmacie/thumb-normacol-lavement-adultes-130-ml-de-solution-rectale-i62537.jpg;2,57€;5
143;"Eductyl adultes";https://www.pharmanity.com/assets/img/parapharmacie/thumb-eductyl-adultes-12-suppositoires-i154.jpg;2,64€;5
144;"Vogalib 7,5 mg sans sucre";https://www.pharmanity.com/assets/img/parapharmacie/thumb-vogalib-7-5-mg-sans-sucre-8-comprimes-orodispersibles-i186.jpg;7,01€;5
145;"Imodium lingual 2 mg";https://www.pharmanity.com/assets/img/parapharmacie/thumb-imodium-lingual-2-mg-12-comprimes-sublinguaux-i240.jpeg;6,11€;5
146;"Forlax 10 g";https://www.pharmanity.com/assets/img/parapharmacie/thumb-forlax-10-g-20-sachets-i243.jpg;6,21€;5
147;"Imodiumcaps 2 mg";https://www.pharmanity.com/assets/img/parapharmacie/thumb-imodiumcaps-2-mg-12-gelules-i276.jpg;4,14€;5
148;"Biocodex Ultralevure 200 mg";https://www.pharmanity.com/assets/img/parapharmacie/thumb-biocodex-ultralevure-200-mg-10-gelules-i305.jpeg;6,76€;5
149;"Phloroglucinol mylan 80 mg";https://www.pharmanity.com/assets/img/parapharmacie/thumb-phloroglucinol-mylan-80-mg-10-comprimes-orodispersibles-i366.jpg;2,45€;5
150;Gaviscon;https://www.pharmanity.com/assets/img/parapharmacie/thumb-gaviscon-flacon-de-250-ml-de-suspension-buvable-i373.jpg;2,67€;5
151;"Spagulax mucilage pur";https://www.pharmanity.com/assets/img/parapharmacie/thumb-spagulax-mucilage-pur-20-sachets-i389.jpg;3,89€;5
152;"Ultra-levure 50 mg";https://www.pharmanity.com/assets/img/parapharmacie/thumb-ultra-levure-50-mg-50-gelules-i399.jpeg;7,12€;5
153;"Forlax 4 g";https://www.pharmanity.com/assets/img/parapharmacie/thumb-forlax-4-g-20-sachets-i403.jpg;5,00€;5
154;Spagulax;https://www.pharmanity.com/assets/img/parapharmacie/thumb-spagulax-20-sachets-i439.jpg;3,89€;5
155;"Microlax sorbitol citrate et laurilsulfoacetate de sodium";https://www.pharmanity.com/assets/img/parapharmacie/thumb-microlax-sorbitol-citrate-et-laurilsulfoacetate-de-sodium-12-unidoses-de-gel-rectal-i495.jpg;9,25€;5
156;"Importal 10 g";https://www.pharmanity.com/assets/img/parapharmacie/thumb-importal-10-g-20-sachets-i565.jpg;4,11€;5
157;"Smecta orange vanille";https://www.pharmanity.com/assets/img/parapharmacie/thumb-smecta-60-sachets-i577.jpg;7,01€;5
158;"Gaviscon menthe";https://www.pharmanity.com/assets/img/parapharmacie/thumb-gaviscon-menthe-20-comprimes-a-croquer-i608.jpg;2,72€;5
159;Transulose;https://www.pharmanity.com/assets/img/parapharmacie/thumb-transulose-150-g-de-gel-oral-i635.jpg;4,99€;5
160;Oxyboldine;https://www.pharmanity.com/assets/img/parapharmacie/thumb-oxyboldine-24-comprimes-effervescents-i643.jpg;4,71€;5
161;"Helicidine 10 % sans sucre";https://www.pharmanity.com/assets/img/parapharmacie/thumb-helicidine-10-pourcent-sans-sucre-flacon-de-250-ml-de-sirop-i37.jpg;3,86€;6
162;"Lysopaïne maux de gorge cetylpyridinium lysozyme sans sucre";https://www.pharmanity.com/assets/img/parapharmacie/thumb-lysopaine-maux-de-gorge-cetylpyridinium-lysozyme-sans-sucre-36-comprimes-a-sucer-i45.jpeg;6,03€;6
163;"Actifed rhume jour et nuit";https://www.pharmanity.com/assets/img/parapharmacie/thumb-actifed-rhume-jour-et-nuit-16-comprimes-i110.jpg;5,82€;6
164;"Maxilase maux de gorge alpha-amylase 200 uceip/ml";https://www.pharmanity.com/assets/img/parapharmacie/thumb-maxilase-maux-de-gorge-alpha-amylase-200-uceip-ml-flacon-de-200-ml-de-sirop-i120.jpeg;4,91€;6
165;"Fervex sans sucre";https://www.pharmanity.com/assets/img/parapharmacie/thumb-fervex-sans-sucre-8-sachets-i130.jpg;5,13€;6
166;"Maxilase maux de gorge alpha-amylase 3000 uceip";https://www.pharmanity.com/assets/img/parapharmacie/thumb-maxilase-maux-de-gorge-alpha-amylase-3000-uceip-30-comprimes-enrobes-i146.jpeg;4,98€;6
167;"Humex rhume";https://www.pharmanity.com/assets/img/parapharmacie/thumb-humex-rhume-12-comprimes-et-4-gelules-i147.jpg;5,39€;6
168;"Exomuc Toux Grasse 200 mg";https://www.pharmanity.com/assets/img/parapharmacie/thumb-exomuc-toux-grasse-200-mg-24-sachets-i159.jpeg;4,27€;6
169;"Hexaspray - collutoire";https://www.pharmanity.com/assets/img/parapharmacie/thumb-hexaspray-collutoire-30-g-i50713.jpg;5,62€;6
170;"Coquelusedal nourrissons";https://www.pharmanity.com/assets/img/parapharmacie/thumb-coquelusedal-nourrissons-10-suppositoires-i174.jpg;4,27€;6
171;"Rhinadvil rhume ibuprofene/pseudoephedrine";https://www.pharmanity.com/assets/img/parapharmacie/thumb-rhinadvil-rhume-ibuprofene-pseudoephedrine-20-comprimes-enrobes-i208.jpg;5,64€;6
172;Actisoufre;https://www.pharmanity.com/assets/img/parapharmacie/thumb-actisoufre-flacon-de-100-ml-de-solution-pour-pulverisation-buccale-ou-nasale-i252.jpg;7,58€;6
173;"Strepsils miel citron";https://www.pharmanity.com/assets/img/parapharmacie/thumb-strepsils-miel-citron-24-pastilles-a-sucer-i254.jpg;6,22€;6
174;"Stodal sirop";https://www.pharmanity.com/assets/img/parapharmacie/thumb-stodal-sirop-200-ml-i56168.jpg;5,83€;6
175;"Strepsils lidocaine";https://www.pharmanity.com/assets/img/parapharmacie/thumb-strepsils-lidocaine-24-pastilles-a-sucer-i294.jpg;6,80€;6
176;"Prospan sans sucre";https://www.pharmanity.com/assets/img/parapharmacie/thumb-prospan-sans-sucre-flacon-de-100-ml-de-sirop-i319.jpg;5,76€;6
177;"Cerulyse 5 g/100 g";https://www.pharmanity.com/assets/img/parapharmacie/thumb-cerulyse-5-g-100-g-flacon-de-10-ml-de-solution-pour-instillation-auriculaire-i342.jpg;8,33€;6
178;Colludol;https://www.pharmanity.com/assets/img/parapharmacie/thumb-colludol-flacon-de-30-ml-de-collutoire-i371.jpg;5,29€;6
179;"Vicks vaporub";https://www.pharmanity.com/assets/img/parapharmacie/thumb-vicks-vaporub-50-g-de-pommade-dermique-i388.jpg;6,12€;6
180;"Toplexil 0,33 mg/ml sans sucre";https://www.pharmanity.com/assets/img/parapharmacie/thumb-toplexil-0-33-mg-ml-sans-sucre-flacon-de-150-ml-de-solution-buvable-i433.jpg;5,11€;6
181;"Acetylcysteine mylan 200 mg";https://www.pharmanity.com/assets/img/parapharmacie/thumb-acetylcysteine-mylan-200-mg-20-sachets-i434.jpg;3,39€;6
182;Rhinotrophyl;https://www.pharmanity.com/assets/img/parapharmacie/thumb-rhinotrophyl-flacon-de-20-ml-de-solution-pour-pulverisation-nasale-i52.jpg;5,08€;6
183;Dolirhumepro;https://www.pharmanity.com/assets/img/parapharmacie/thumb-dolirhumepro-16-comprimes-i482.jpg;6,05€;6
184;"Strepsils citron sans sucre";https://www.pharmanity.com/assets/img/parapharmacie/thumb-strepsils-citron-sans-sucre-24-pastilles-a-sucer-i491.jpg;6,24€;6
185;Coryzalia;https://www.pharmanity.com/assets/img/parapharmacie/thumb-coryzalia-40-comprimes-orodispersibles-i506.jpg;5,90€;6
186;"Toplexil 0,33 mg/ml";https://www.pharmanity.com/assets/img/parapharmacie/thumb-toplexil-0-33-mg-ml-flacon-de-150-ml-de-sirop-i524.jpeg;5,03€;6
187;Otipax;https://www.pharmanity.com/assets/img/parapharmacie/thumb-otipax-16-g-de-solution-pour-instillation-auriculaire-i62566.jpg;2,90€;6
188;"Humexlib paracetamol chlorphenamine 500 mg/4 mg";https://www.pharmanity.com/assets/img/parapharmacie/thumb-humexlib-paracetamol-chlorphenamine-500-mg-4-mg-16-gelules-i567.jpg;5,00€;6
189;"Humex toux seche oxomemazine 0,33 mg/ml sans sucre";https://www.pharmanity.com/assets/img/parapharmacie/thumb-humex-toux-seche-oxomemazine-0-33-mg-ml-sans-sucre-flacon-de-150-ml-de-solution-buvable-i626.jpeg;4,76€;6
190;Thiovalone;https://www.pharmanity.com/assets/img/parapharmacie/thumb-thiovalone-flacon-de-12-ml-de-suspension-pour-pulverisation-buccale-i640.jpg;6,14€;6
191;"Oxomemazine mylan 0,33 mg/ml";https://www.pharmanity.com/assets/img/parapharmacie/thumb-oxomemazine-mylan-0-33-mg-ml-flacon-de-150-ml-de-sirop-i681.jpg;3,01€;6
192;"Humex mal de gorge";https://www.pharmanity.com/assets/img/parapharmacie/thumb-humex-mal-de-gorge-flacon-de-35-ml-de-collutoire-i682.jpg;5,21€;6
193;"Eludril 0,5 ml/0,5 g pour 100 ml";https://www.pharmanity.com/assets/img/parapharmacie/thumb-eludril-0-5-ml-0-5-g-pour-100-ml-flacon-de-90-ml-de-solution-pour-bain-de-bouche-i26.jpg;2,60€;7
194;"Paroex 0,12 %";https://www.pharmanity.com/assets/img/parapharmacie/thumb-paroex-0-12-pourcent-flacon-de-300-ml-de-solution-pour-bain-de-bouche-i83.jpg;3,46€;7
195;"Arthrodont 1 %";https://www.pharmanity.com/assets/img/parapharmacie/thumb-arthrodont-1-pourcent-80-g-de-pate-gingivale-i160.jpg;5,04€;7
196;"Prexidine 0,12 %";https://www.pharmanity.com/assets/img/parapharmacie/thumb-prexidine-0-12-pourcent-flacon-de-200-ml-de-solution-pour-bain-de-bouche-i214.jpg;3,24€;7
197;"Chlorhexidine/chlorobutanol mylan 0,5 ml/0,5 g pour 100 ml";https://www.pharmanity.com/assets/img/parapharmacie/thumb-chlorhexidine-chlorobutanol-mylan-0-5-ml-0-5-g-pour-100-ml-flacon-de-90-ml-de-solution-pour-bain-de-bouche-i219.jpg;2,60€;7
198;"Hextril 0,1 %";https://www.pharmanity.com/assets/img/parapharmacie/thumb-hextril-0-1-pourcent-flacon-de-200-ml-de-solution-pour-bain-de-bouche-i246.jpg;5,50€;7
199;"Chlorhexidine/chlorobutanol biogaran 0,5 ml/0,5 g pour 100 ml";https://www.pharmanity.com/assets/img/parapharmacie/thumb-chlorhexidine-chlorobutanol-biogaran-0-5-ml-0-5-g-pour-100-ml-flacon-de-90-ml-de-solution-pour-bain-de-bouche-i274.jpg;2,60€;7
200;Eludrilpro;https://www.pharmanity.com/assets/img/parapharmacie/thumb-eludrilpro-flacon-de-200-ml-de-solution-pour-bain-de-bouche-i353.png;5,77€;7
201;Camilia;https://www.pharmanity.com/assets/img/parapharmacie/thumb-camilia-30-unidoses-i378.jpeg;12,02€;7
202;Pansoral;https://www.pharmanity.com/assets/img/parapharmacie/thumb-pansoral-15-g-de-gel-buccal-i589.jpeg;6,58€;7
203;"Fluosterol 0,25 mg/800 ui/dose";https://www.pharmanity.com/assets/img/parapharmacie/thumb-fluosterol-0-25-mg-800-ui-dose-flacon-de-22-5-ml-de-solution-buvable-i828.jpg;3,56€;7
204;Elgydium;https://www.pharmanity.com/assets/img/parapharmacie/thumb-elgydium-150-g-de-pate-dentifrice-i915.jpg;4,64€;7
205;"Hextril 0,1 %";https://www.pharmanity.com/assets/img/parapharmacie/thumb-hextril-0-1-pourcent-flacon-de-400-ml-de-solution-pour-bain-de-bouche-i930.jpg;8,20€;7
206;Eludrilpro;https://www.pharmanity.com/assets/img/parapharmacie/thumb-eludrilpro-flacon-de-500-ml-de-solution-pour-bain-de-bouche-i1047.jpg;9,59€;7
207;"Dolodent solution gingivale";https://www.pharmanity.com/assets/img/parapharmacie/thumb-dolodent-solution-gingivale-27-g-i48554.jpg;8,54€;7
208;"Eludrilperio 0,2 %";https://www.pharmanity.com/assets/img/parapharmacie/thumb-eludrilperio-0-2-pourcent-flacon-de-200-ml-de-solution-pour-bain-de-bouche-i1646.jpg;3,46€;7
209;Camilia;https://www.pharmanity.com/assets/img/parapharmacie/thumb-camilia-10-unidoses-i1650.jpg;6,03€;7
210;"Dentifrice fluocaril bifluoré menthe 250 mg";https://www.pharmanity.com/assets/img/parapharmacie/thumb-fluocaril-bi-fluore-250-mg-125-ml-i182289.png;6,35€;7
211;Pyralvex;https://www.pharmanity.com/assets/img/parapharmacie/thumb-pyralvex-flacon-de-10-ml-de-solution-buccale-ou-gingivale-i2163.jpg;8,33€;7
212;"Fluocaril dentifrice bifluoré menthe";https://www.pharmanity.com/assets/img/parapharmacie/thumb-fluocaril-dentifrice-bifluore-menthe-2-tubes-de-125-ml-i117986.jpeg;10,93€;7
213;"Lyso 6";https://www.pharmanity.com/assets/img/parapharmacie/thumb-lyso-6-30-comprimes-sublinguaux-i2186.jpg;6,94€;7
214;"Lot dentifrice fluocaril bifluoré menthe 250 mg x2";https://www.pharmanity.com/assets/img/parapharmacie/thumb-lot-dentifrice-fluocaril-bifluore-menthe-250-mg-x2-2-tubes-de-75-ml-i117987.jpg;8,02€;7
215;"Hextril menthe 0,1 %";https://www.pharmanity.com/assets/img/parapharmacie/thumb-hextril-menthe-0-1-pourcent-flacon-de-200-ml-de-solution-pour-bain-de-bouche-i2593.jpg;5,31€;7
216;"Hextril 0,1 %";https://www.pharmanity.com/assets/img/parapharmacie/thumb-hextril-0-1-pourcent-100-g-de-pate-dentifrice-i2753.jpg;5,53€;7
217;Elgydium;https://www.pharmanity.com/assets/img/parapharmacie/thumb-elgydium-100-g-de-pate-dentifrice-i3086.png;4,38€;7
218;Alodont;https://www.pharmanity.com/assets/img/parapharmacie/thumb-alodont-flacon-de-500-ml-de-solution-pour-bain-de-bouche-i3131.jpg;10,38€;7
219;Aftagel;https://www.pharmanity.com/assets/img/parapharmacie/thumb-aftagel-15-ml-de-gel-buccal-i3260.jpg;6,11€;7
220;"Chamomilla vulgaris 9 ch boiron";https://www.pharmanity.com/assets/img/parapharmacie/thumb-chamomilla-vulgaris-9-ch-boiron-12-suppositoires-i3337.jpg;8,96€;7
221;"Betadine 10 %";https://www.pharmanity.com/assets/img/parapharmacie/thumb-betadine-10-pourcent-flacon-de-125-ml-de-solution-pour-bain-de-bouche-i3671.jpg;7,92€;7
222;"Arthrodont 1 %";https://www.pharmanity.com/assets/img/parapharmacie/thumb-arthrodont-1-pourcent-40-g-de-pate-gingivale-i3754.jpg;3,53€;7
223;Homeoaftyl;https://www.pharmanity.com/assets/img/parapharmacie/thumb-homeoaftyl-60-comprimes-a-sucer-i4124.jpg;6,73€;7
224;Dentex;https://www.pharmanity.com/assets/img/parapharmacie/thumb-dentex-flacon-de-300-ml-de-solution-pour-bain-de-bouche-i4545.jpg;9,97€;7
225;"Diffu k";https://www.pharmanity.com/assets/img/parapharmacie/thumb-diffu-k-40-gelules-i38.jpg;2,89€;8
226;"Berocca sans sucre";https://www.pharmanity.com/assets/img/parapharmacie/thumb-berocca-sans-sucre-30-comprimes-effervescents-i237.jpg;13,43€;8
227;"Kaleorid lp 1000 mg";https://www.pharmanity.com/assets/img/parapharmacie/thumb-kaleorid-lp-1000-mg-30-comprimes-i244.jpg;2,97€;8
228;"Zymad 10 000 ui/ml";https://www.pharmanity.com/assets/img/parapharmacie/thumb-zymad-10-000-ui-ml-flacon-de-10-ml-de-solution-buvable-en-gouttes-i253.jpg;2,91€;8
229;"Vitamine c upsa effervescente 1000 mg";https://www.pharmanity.com/assets/img/parapharmacie/thumb-vitamine-c-upsa-effervescente-1000-mg-20-comprimes-effervescents-i256.jpeg;3,99€;8
230;"Orocal vitamine d3 500 mg/400 ui";https://www.pharmanity.com/assets/img/parapharmacie/thumb-orocal-vitamine-d3-500-mg-400-ui-60-comprimes-a-sucer-i336.jpg;6,31€;8
231;"Kaleorid lp 600 mg";https://www.pharmanity.com/assets/img/parapharmacie/thumb-kaleorid-lp-600-mg-30-comprimes-i355.jpg;2,47€;8
232;"Vitamine c upsa 500 mg";https://www.pharmanity.com/assets/img/parapharmacie/thumb-vitamine-c-upsa-500-mg-30-comprimes-a-croquer-i386.jpg;4,02€;8
233;"Cuivre-or-argent oligosol";https://www.pharmanity.com/assets/img/parapharmacie/thumb-cuivre-or-argent-oligosol-flacon-de-60-ml-de-solution-buvable-i593.jpg;7,36€;8
234;"Mag 2 sans sucre 122 mg sol buvable";https://www.pharmanity.com/assets/img/parapharmacie/thumb-mag-2-sans-sucre-122-mg-sol-buvable-30-ampoules-i602.jpg;9,28€;8
235;"Calcidose vitamine d3 500 mg/400 ui";https://www.pharmanity.com/assets/img/parapharmacie/thumb-calcidose-vitamine-d3-500-mg-400-ui-60-sachets-i664.jpg;6,31€;8
236;"Vitamine b1 b6 bayer";https://www.pharmanity.com/assets/img/parapharmacie/thumb-vitamine-b1-b6-bayer-40-comprimes-pellicules-i717.jpg;17,73€;8
237;"Zymaduo 150 ui";https://www.pharmanity.com/assets/img/parapharmacie/thumb-zymaduo-150-ui-flacon-de-12-ml-de-solution-buvable-en-gouttes-i743.jpg;3,68€;8
238;"Magnesium/vitamine b6 50 comprimés";https://www.pharmanity.com/assets/img/parapharmacie/thumb-magnesium-vitamine-b6-mylan-48-mg-5-mg-50-comprimes-pellicules-i838.jpg;3,86€;8
239;"Cacit vitamine d3 500 mg/440 ui";https://www.pharmanity.com/assets/img/parapharmacie/thumb-cacit-vitamine-d3-500-mg-440-ui-60-comprimes-a-croquer-ou-a-sucer-i854.jpg;6,31€;8
240;"Mag 2 100 mg";https://www.pharmanity.com/assets/img/parapharmacie/thumb-mag-2-100-mg-60-comprimes-i860.jpg;6,29€;8
241;"Caltrate vitamine d3 600 mg/400 ui";https://www.pharmanity.com/assets/img/parapharmacie/thumb-caltrate-vitamine-d3-600-mg-400-ui-60-comprimes-pellicules-secables-i862.jpg;6,31€;8
242;"Berocca effervescent";https://www.pharmanity.com/assets/img/parapharmacie/thumb-berocca-effervescent-60-comprimes-effervescents-i118166.jpg;21,41€;8
243;Berocca;https://www.pharmanity.com/assets/img/parapharmacie/thumb-berocca-30-comprimes-pellicules-i917.jpg;13,45€;8
244;"Ideos 500 mg/400 ui";https://www.pharmanity.com/assets/img/parapharmacie/thumb-ideos-500-mg-400-ui-60-comprimes-a-sucer-i1029.jpg;6,31€;8
245;"Oligosol lithium solution buvable";https://www.pharmanity.com/assets/img/parapharmacie/thumb-oligosol-lithium-solution-buvable-28-ampoules-i1087.jpg;10,08€;8
246;"Vitascorbol sans sucre tamponne 500 mg";https://www.pharmanity.com/assets/img/parapharmacie/thumb-vitascorbol-sans-sucre-tamponne-500-mg-24-comprimes-a-croquer-i1089.jpg;3,80€;8
247;"Vitascorbol 1 g";https://www.pharmanity.com/assets/img/parapharmacie/thumb-vitascorbol-1-g-20-comprimes-effervescents-i1162.jpg;3,86€;8
248;"Orocal 500 mg";https://www.pharmanity.com/assets/img/parapharmacie/thumb-orocal-500-mg-60-comprimes-i1282.jpg;6,31€;8
249;"Magnevie B6";https://www.pharmanity.com/assets/img/parapharmacie/thumb-magnevie-b6-2-x-60-comprimes-i1287.jpeg;13,72€;8
250;"Calcium sandoz 500 mg";https://www.pharmanity.com/assets/img/parapharmacie/thumb-calcium-sandoz-500-mg-20-comprimes-effervescents-i1371.jpg;3,01€;8
251;"Magnesium/vitamine b6 biogaran conseil 48 mg/5 mg";https://www.pharmanity.com/assets/img/parapharmacie/thumb-magnesium-vitamine-b6-biogaran-conseil-48-mg-5-mg-50-comprimes-pellicules-i1393.jpg;4,07€;8
252;"Oligosol magnesium solution buvable";https://www.pharmanity.com/assets/img/parapharmacie/thumb-oligosol-magnesium-solution-buvable-28-ampoules-i1411.jpg;10,11€;8
253;Guronsan;https://www.pharmanity.com/assets/img/parapharmacie/thumb-guronsan-30-comprimes-effervescents-i1532.jpg;14,11€;8
254;"Fixical vitamine d3 1000 mg/800 ui";https://www.pharmanity.com/assets/img/parapharmacie/thumb-fixical-vitamine-d3-1000-mg-800-ui-30-comprimes-a-sucer-i1546.jpg;6,31€;8
255;"Magne b6 48 mg/5 mg";https://www.pharmanity.com/assets/img/parapharmacie/thumb-magne-b6-48-mg-5-mg-50-comprimes-enrobes-i1683.jpg;5,88€;8
256;"Granions cuivre 0 mg3/2ml solution buvable";https://www.pharmanity.com/assets/img/parapharmacie/thumb-3400937546041-i1791.png;13,22€;8
257;"Tanakan 40 mg";https://www.pharmanity.com/assets/img/parapharmacie/thumb-tanakan-40-mg-90-comprimes-enrobes-i438.jpg;17,84€;9
258;"Tanganil 500 mg";https://www.pharmanity.com/assets/img/parapharmacie/thumb-tanganil-500-mg-30-comprimes-i485.jpg;3,97€;9
259;"Tanganilpro 500 mg";https://www.pharmanity.com/assets/img/parapharmacie/thumb-tanganilpro-500-mg-30-comprimes-i629.jpg;4,24€;9
260;"Acetylleucine biogaran 500 mg";https://www.pharmanity.com/assets/img/parapharmacie/thumb-acetylleucine-biogaran-500-mg-30-comprimes-i944.jpg;3,97€;9
261;"Vitalogink 40 mg";https://www.pharmanity.com/assets/img/parapharmacie/thumb-vitalogink-40-mg-90-comprimes-pellicules-i1007.jpg;10,46€;9
262;Agyrax;https://www.pharmanity.com/assets/img/parapharmacie/thumb-agyrax-15-comprimes-secables-i1722.jpg;2,94€;9
263;"Ginkgo biogaran 40 mg";https://www.pharmanity.com/assets/img/parapharmacie/thumb-ginkgo-biogaran-40-mg-90-comprimes-pellicules-i2065.jpg;10,35€;9
264;"Tanakan 40 mg/ml";https://www.pharmanity.com/assets/img/parapharmacie/thumb-tanakan-40-mg-ml-flacon-de-90-ml-de-solution-buvable-i3462.jpg;19,77€;9
265;"Mildac 600 mg";https://www.pharmanity.com/assets/img/parapharmacie/thumb-mildac-600-mg-15-comprimes-enrobes-i3836.jpg;15,14€;9
266;"Tanakan 40 mg";https://www.pharmanity.com/assets/img/parapharmacie/thumb-tanakan-40-mg-30-comprimes-enrobes-i3880.jpg;8,01€;9
267;"Carlytene 30 mg";https://www.pharmanity.com/assets/img/parapharmacie/thumb-carlytene-30-mg-32-comprimes-enrobes-i4680.jpg;6,59€;9
268;"Mildac 300 mg";https://www.pharmanity.com/assets/img/parapharmacie/thumb-mildac-300-mg-40-comprimes-pellicules-i5082.jpg;16,48€;9
269;Ginkogink;https://www.pharmanity.com/assets/img/parapharmacie/thumb-ginkogink-flacon-de-30-ml-de-solution-buvable-i5175.jpg;6,73€;9
270;"Tanganil 500 mg/5 ml";https://www.pharmanity.com/assets/img/parapharmacie/thumb-tanganil-500-mg-5-ml-5-ampoules-de-solution-injectable-iv-i62642.jpg;3,33€;9
271;"Arkogelules millepertuis";https://www.pharmanity.com/assets/img/parapharmacie/thumb-arkogelules-millepertuis-42-gelules-i5692.jpg;11,65€;9
272;"Tanakan 40 mg/ml";https://www.pharmanity.com/assets/img/parapharmacie/thumb-tanakan-40-mg-ml-flacon-de-30-ml-de-solution-buvable-i7244.jpg;8,05€;9
273;Prosoft;https://www.pharmanity.com/assets/img/parapharmacie/thumb-prosoft-45-comprimes-enrobes-i8591.jpg;14,52€;9
274;"Ginkgo biogaran 40 mg";https://www.pharmanity.com/assets/img/parapharmacie/thumb-ginkgo-biogaran-40-mg-30-comprimes-pellicules-i11190.jpg;4,72€;9
275;"Acetylleucine Teva 500 mg";https://www.pharmanity.com/assets/img/parapharmacie/thumb-acetylleucine-teva-500-mg-30-comprimes-i711.jpeg;3,97€;9
276;"Acetylleucine zentiva 500 mg";https://www.pharmanity.com/assets/img/no-picture.png;3,97€;9
277;"Kardegic 75 mg";https://www.pharmanity.com/assets/img/parapharmacie/thumb-kardegic-75-mg-30-sachets-i10.jpg;2,81€;10
278;"Kardegic 160 mg";https://www.pharmanity.com/assets/img/parapharmacie/thumb-kardegic-160-mg-30-sachets-i35.jpg;2,81€;10
279;"Acide folique ccd 5 mg";https://www.pharmanity.com/assets/img/parapharmacie/thumb-acide-folique-ccd-5-mg-20-comprimes-i68.jpg;2,35€;10
280;"Tardyferon 80 mg";https://www.pharmanity.com/assets/img/parapharmacie/thumb-tardyferon-80-mg-30-comprimes-enrobes-i76.jpg;3,69€;10
281;"Daflon 500 mg";https://www.pharmanity.com/assets/img/parapharmacie/thumb-daflon-500-mg-60-comprimes-pellicules-i112.jpg;14,98€;10
282;"Ginkor fort";https://www.pharmanity.com/assets/img/parapharmacie/thumb-ginkor-fort-60-gelules-i173.png;12,84€;10
283;"Tardyferon b9";https://www.pharmanity.com/assets/img/parapharmacie/thumb-tardyferon-b9-30-comprimes-enrobes-i182.jpg;3,31€;10
284;Omacor;https://www.pharmanity.com/assets/img/parapharmacie/thumb-omacor-28-capsules-molles-i265.jpg;23,34€;10
285;"Hept a myl 187,8 mg";https://www.pharmanity.com/assets/img/parapharmacie/thumb-hept-a-myl-187-8-mg-20-comprimes-i300.jpg;2,65€;10
286;"Acide folique ccd 0,4 mg";https://www.pharmanity.com/assets/img/parapharmacie/thumb-acide-folique-ccd-0-4-mg-30-comprimes-i349.jpg;3,89€;10
287;"Speciafoldine 5 mg";https://www.pharmanity.com/assets/img/parapharmacie/thumb-speciafoldine-5-mg-20-comprimes-i368.jpg;2,45€;10
288;Timoferol;https://www.pharmanity.com/assets/img/parapharmacie/thumb-timoferol-30-gelules-i401.jpg;2,79€;10
289;"Vitamine k1 roche 2 mg/0,2 ml nourrissons";https://www.pharmanity.com/assets/img/parapharmacie/thumb-vitamine-k1-roche-2-mg-0-2-ml-nourrissons-5-ampoules-de-solution-buvable-et-injectable-plus-5-pipettes-i62674.jpg;4,61€;10
290;"Sédorrhoïde Crème Crise Hémorroïdaire";https://www.pharmanity.com/assets/img/parapharmacie/thumb-sedorrhoide-creme-crise-hemorroidaire-30-g-de-creme-rectale-i546.jpg;5,37€;10
291;"Hemoclar 0,5 %";https://www.pharmanity.com/assets/img/parapharmacie/thumb-hemoclar-0-5-pourcent-30-g-de-creme-i604.jpg;6,77€;10
292;"Titanoreine a la lidocaine 2 %";https://www.pharmanity.com/assets/img/parapharmacie/thumb-titanoreine-a-la-lidocaine-2-pourcent-20-g-de-creme-rectale-i725.jpg;5,17€;10
293;"Mylan Fraction Flavonoique Purifiee 500 mg";https://www.pharmanity.com/assets/img/parapharmacie/thumb-mylan-fraction-flavonoique-purifiee-500-mg-60-comprimes-pellicules-i870.jpg;9,70€;10
294;"Diosmine mylan 600 mg";https://www.pharmanity.com/assets/img/parapharmacie/thumb-diosmine-mylan-600-mg-30-comprimes-i881.jpg;5,39€;10
295;"Fero-grad vitamine c 500";https://www.pharmanity.com/assets/img/parapharmacie/thumb-fero-grad-vitamine-c-500-30-comprimes-enrobes-i950.jpg;3,35€;10
296;"Diosmine biogaran conseil 600 mg";https://www.pharmanity.com/assets/img/parapharmacie/thumb-diosmine-biogaran-conseil-600-mg-30-comprimes-pellicules-i990.jpg;5,36€;10
297;"Veinamitol 3500 mg";https://www.pharmanity.com/assets/img/parapharmacie/thumb-veinamitol-3500-mg-10-sachets-i995.jpg;9,79€;10
298;"Esberiven fort";https://www.pharmanity.com/assets/img/parapharmacie/thumb-esberiven-fort-60-comprimes-enrobes-i1155.jpg;13,88€;10
299;"Kardegic 300 mg";https://www.pharmanity.com/assets/img/parapharmacie/thumb-kardegic-300-mg-30-sachets-i1228.jpg;2,81€;10
300;"Sedorrhoide crise hemorroidaire";https://www.pharmanity.com/assets/img/parapharmacie/thumb-sedorrhoide-crise-hemorroidaire-8-suppositoires-i1447.jpg;5,32€;10
301;Hec;https://www.pharmanity.com/assets/img/parapharmacie/thumb-hec-25-g-de-pommade-dermique-ou-nasale-i1506.jpg;9,37€;10
302;"Naturactiv Cyclo 3 fort";https://www.pharmanity.com/assets/img/parapharmacie/thumb-naturactiv-cyclo-3-fort-60-gelules-i1518.jpeg;15,79€;10
303;"Fumafer 66 mg";https://www.pharmanity.com/assets/img/parapharmacie/thumb-fumafer-66-mg-100-comprimes-pellicules-i1587.jpg;3,01€;10
304;Bicirkan;https://www.pharmanity.com/assets/img/parapharmacie/thumb-bicirkan-60-comprimes-pellicules-i2006.jpg;12,95€;10
305;"Diosmine sandoz conseil 600 mg";https://www.pharmanity.com/assets/img/parapharmacie/thumb-diosmine-sandoz-conseil-600-mg-30-comprimes-pellicules-i2059.jpg;5,26€;10
306;"Jouvence de l'abbe soury";https://www.pharmanity.com/assets/img/parapharmacie/thumb-jouvence-de-l-abbe-soury-flacon-de-210-ml-de-solution-buvable-i2287.jpg;11,71€;10
307;"Troxerutine mylan 3,5 g";https://www.pharmanity.com/assets/img/parapharmacie/thumb-troxerutine-mylan-3-5-g-10-sachets-i2358.jpg;7,71€;10
308;"Etioven 30 mg";https://www.pharmanity.com/assets/img/parapharmacie/thumb-etioven-30-mg-30-comprimes-i2372.jpg;10,40€;10
309;Dexeryl;https://www.pharmanity.com/assets/img/parapharmacie/thumb-dexeryl-250-g-de-creme-i18.jpg;7,13€;11
310;"Betadine scrub 4 %";https://www.pharmanity.com/assets/img/parapharmacie/thumb-betadine-scrub-4-pourcent-flacon-de-125-ml-de-solution-pour-application-cutanee-i60.jpg;2,69€;11
311;Biseptine;https://www.pharmanity.com/assets/img/parapharmacie/thumb-biseptine-flacon-de-100-ml-de-solution-pour-application-locale-i63.jpg;3,55€;11
312;"Bepanthen 5% 100 g de pommade";https://www.pharmanity.com/assets/img/parapharmacie/thumb-bepanthen-5-100-g-de-pommade-i117.jpeg;9,07€;11
313;Biseptine;https://www.pharmanity.com/assets/img/parapharmacie/thumb-biseptine-flacon-de-250-ml-de-solution-pour-application-locale-i144.jpg;3,39€;11
314;"Hexomedine transcutanee 1,5 pour mille";https://www.pharmanity.com/assets/img/parapharmacie/thumb-hexomedine-transcutanee-1-5-pour-mille-flacon-de-45-ml-de-solution-pour-application-locale-i187.jpg;6,05€;11
315;Cyteal;https://www.pharmanity.com/assets/img/parapharmacie/thumb-cyteal-flacon-de-250-ml-de-solution-moussante-i199.jpg;3,92€;11
316;"Dakin cooper stabilise";https://www.pharmanity.com/assets/img/parapharmacie/thumb-dakin-cooper-stabilise-flacon-de-250-ml-de-solution-pour-application-locale-i224.jpg;3,04€;11
317;"Sebiprox 1,5 %";https://www.pharmanity.com/assets/img/parapharmacie/thumb-sebiprox-1-5-pourcent-flacon-de-100-ml-de-shampoing-i258.jpg;6,55€;11
318;"Povidone iodee mylan 10 %";https://www.pharmanity.com/assets/img/parapharmacie/thumb-povidone-iodee-mylan-10-pourcent-flacon-de-125-ml-de-solution-pour-application-cutanee-i278.jpg;2,40€;11
319;"Apaisylgel 0,75 %";https://www.pharmanity.com/assets/img/parapharmacie/thumb-apaisylgel-0-75-pourcent-30-g-de-gel-pour-application-locale-i361.jpg;6,09€;11
320;"Septivon 1,5 %";https://www.pharmanity.com/assets/img/parapharmacie/thumb-septivon-1-5-pourcent-flacon-de-250-ml-de-solution-pour-application-cutanee-i367.jpg;3,12€;11
321;Biafine;https://www.pharmanity.com/assets/img/parapharmacie/thumb-biafine-93-g-d-emulsion-pour-application-cutanee-i428.jpg;5,83€;11
322;"Onctose hydrocortisone";https://www.pharmanity.com/assets/img/parapharmacie/thumb-onctose-hydrocortisone-30-g-de-creme-i444.jpg;6,82€;11
323;"Econazole mylan 1 %";https://www.pharmanity.com/assets/img/parapharmacie/thumb-econazole-mylan-1-pourcent-30-g-de-poudre-pour-application-cutanee-i62373.jpg;3,45€;11
324;"Ciclopirox olamine biogaran 1 %";https://www.pharmanity.com/assets/img/parapharmacie/thumb-ciclopirox-olamine-biogaran-1-pourcent-30-g-de-creme-i622.jpg;3,52€;11
325;Homeoplasmine;https://www.pharmanity.com/assets/img/parapharmacie/thumb-homeoplasmine-40-g-de-pommade-i633.jpg;6,62€;11
326;Biafine;https://www.pharmanity.com/assets/img/parapharmacie/thumb-biafine-186-g-d-emulsion-pour-application-cutanee-i662.jpg;7,69€;11
327;"Mitosyl irritations";https://www.pharmanity.com/assets/img/parapharmacie/thumb-mitosyl-irritations-150-g-de-pommade-i678.jpg;8,99€;11
328;Biafineact;https://www.pharmanity.com/assets/img/parapharmacie/thumb-biafineact-139-5-g-d-emulsion-pour-application-cutanee-i797.jpg;6,43€;11
329;"Bepanthen 5 %";https://www.pharmanity.com/assets/img/parapharmacie/thumb-bepanthen-5-pourcent-30-g-de-pommade-i866.jpg;5,85€;11
330;"Mitosyl irritations";https://www.pharmanity.com/assets/img/parapharmacie/thumb-mitosyl-irritations-65-g-de-pommade-i874.jpg;5,32€;11
331;"Alcool modifie cooper";https://www.pharmanity.com/assets/img/parapharmacie/thumb-alcool-modifie-cooper-flacon-de-250-ml-de-solution-pour-application-cutanee-i896.jpg;3,03€;11
332;Cetavlon;https://www.pharmanity.com/assets/img/parapharmacie/thumb-cetavlon-80-g-de-creme-i927.jpg;6,58€;11
333;"Cortisedermyl 0,5 %";https://www.pharmanity.com/assets/img/parapharmacie/thumb-cortisedermyl-0-5-pourcent-15-g-de-creme-i928.jpg;5,06€;11
334;"Eosine cooper 2 %";https://www.pharmanity.com/assets/img/parapharmacie/thumb-eosine-cooper-2-10-x-2-ml-de-solution-pour-application-i1061.jpeg;3,48€;11
335;"Activir 5 %";https://www.pharmanity.com/assets/img/parapharmacie/thumb-activir-5-2-g-de-creme-i1101.jpeg;4,75€;11
336;"Effizinc 15 mg";https://www.pharmanity.com/assets/img/parapharmacie/thumb-effizinc-15-mg-60-gelules-i1139.jpg;7,73€;11
337;Septeal;https://www.pharmanity.com/assets/img/parapharmacie/thumb-septeal-flacon-de-250-ml-de-solution-pour-application-locale-i1189.jpg;3,83€;11
338;BiseptineSpraid;https://www.pharmanity.com/assets/img/parapharmacie/thumb-biseptinespraid-pulverisateur-50-ml-i1200.png;5,72€;11
339;Fazol;https://www.pharmanity.com/assets/img/parapharmacie/thumb-fazol-30-g-de-creme-i1248.jpg;4,55€;11
340;"Onytec 80 mg/g";https://www.pharmanity.com/assets/img/parapharmacie/thumb-onytec-80-mg-g-flacon-de-6-6-ml-de-vernis-a-ongle-medicamenteux-i1269.jpg;15,91€;11
341;Monazol;https://www.pharmanity.com/assets/img/parapharmacie/thumb-monazol-1-ovule-i168.jpg;4,04€;12
342;"Monazol 2 %";https://www.pharmanity.com/assets/img/parapharmacie/thumb-monazol-2-pourcent-15-g-de-creme-i346.jpg;3,70€;12
343;"Lomexin 600 mg";https://www.pharmanity.com/assets/img/parapharmacie/thumb-lomexin-600-mg-1-capsule-molle-vaginale-i351.jpg;4,36€;12
344;"Econazole mylan lp 150 mg";https://www.pharmanity.com/assets/img/parapharmacie/thumb-econazole-mylan-lp-150-mg-1-ovule-a-liberation-prolongee-i796.jpg;3,13€;12
345;"Econazole biogaran lp 150 mg";https://www.pharmanity.com/assets/img/parapharmacie/thumb-econazole-biogaran-lp-150-mg-1-ovule-a-liberation-prolongee-i1016.jpg;3,13€;12
346;Mycohydralin;https://www.pharmanity.com/assets/img/parapharmacie/thumb-mycohydralin-20-g-de-creme-i1109.jpg;7,23€;12
347;"Mycohydralin 200 mg";https://www.pharmanity.com/assets/img/parapharmacie/thumb-mycohydralin-200-mg-3-comprimes-vaginaux-i1318.jpg;7,91€;12
348;"Abufene 400 mg";https://www.pharmanity.com/assets/img/parapharmacie/thumb-abufene-400-mg-30-comprimes-i1423.jpg;13,14€;12
349;"Progestogel 1 %";https://www.pharmanity.com/assets/img/parapharmacie/thumb-progestogel-1-pourcent-80-g-de-gel-pour-application-locale-i1778.jpg;5,43€;12
350;"Gyno pevaryl 150 mg";https://www.pharmanity.com/assets/img/parapharmacie/thumb-gyno-pevaryl-150-mg-3-ovules-i1946.jpg;4,61€;12
351;"Lomexin 600 mg";https://www.pharmanity.com/assets/img/parapharmacie/thumb-lomexin-600-mg-2-capsules-molles-vaginales-i2126.jpg;9,72€;12
352;Actheane;https://www.pharmanity.com/assets/img/parapharmacie/thumb-actheane-120-comprimes-i2548.jpg;16,07€;12
353;"Betadine 10 %";https://www.pharmanity.com/assets/img/parapharmacie/thumb-betadine-10-pourcent-flacon-de-125-ml-de-solution-vaginale-i2556.jpg;7,77€;12
354;"Econazole sandoz lp 150 mg";https://www.pharmanity.com/assets/img/parapharmacie/thumb-econazole-sandoz-lp-150-mg-1-ovule-a-liberation-prolongee-i2656.jpg;3,13€;12
355;"Gyno pevaryl lp 150 mg";https://www.pharmanity.com/assets/img/parapharmacie/thumb-gyno-pevaryl-lp-150-mg-1-ovule-a-liberation-prolongee-i2842.jpg;3,13€;12
356;"Myleugyne lp 150 mg";https://www.pharmanity.com/assets/img/parapharmacie/thumb-myleugyne-lp-150-mg-2-ovules-a-liberation-prolongee-i2875.jpg;6,62€;12
357;"Abufene 400 mg";https://www.pharmanity.com/assets/img/parapharmacie/thumb-abufene-400-mg-60-comprimes-i3103.jpg;16,18€;12
358;"Myleugyne lp 150 mg";https://www.pharmanity.com/assets/img/parapharmacie/thumb-myleugyne-lp-150-mg-1-ovule-a-liberation-prolongee-i3457.jpeg;3,95€;12
359;"Fazol g 300 mg";https://www.pharmanity.com/assets/img/parapharmacie/thumb-fazol-g-300-mg-3-ovules-i4102.jpg;4,85€;12
360;"Gynopura lp 150 mg";https://www.pharmanity.com/assets/img/parapharmacie/thumb-gynopura-lp-150-mg-2-ovules-a-liberation-prolongee-i5943.jpg;5,53€;12
361;"Betadine 250 mg";https://www.pharmanity.com/assets/img/parapharmacie/thumb-betadine-250-mg-8-ovules-i7461.jpg;8,67€;12
362;"Pharmatex 18,9 mg";https://www.pharmanity.com/assets/img/parapharmacie/thumb-pharmatex-18-9-mg-10-ovules-i7582.jpg;11,07€;12
363;Endhometrol;https://www.pharmanity.com/assets/img/parapharmacie/thumb-endhometrol-6-ovules-i10550.jpg;9,01€;12
364;"MycoHydralin 500 mg Capsule Vaginale avec Applicateur";https://www.pharmanity.com/assets/img/parapharmacie/thumb-mycohydralin-500-mg-capsule-vaginale-avec-applicateur-boite-de-1-i394587.jpg;9,79€;12
365;"Levonorgestrel biogaran 1.50 mg";https://www.pharmanity.com/assets/img/parapharmacie/thumb-levonorgestrel-biogaran-1-50-mg-1-comprime-i784.jpg;4,28€;12
366;"Econazole ranbaxy lp 150 mg";https://www.pharmanity.com/assets/img/parapharmacie/thumb-econazole-ranbaxy-lp-150-mg-1-ovule-a-liberation-prolongee-i6418.jpeg;3,13€;12
367;"Gynopura lp 150 mg";https://www.pharmanity.com/assets/img/no-picture.png;2,86€;12
368;"Econazole zentiva lp 150 mg";https://www.pharmanity.com/assets/img/no-picture.png;3,13€;12
369;"Econazole teva lp 150 mg";https://www.pharmanity.com/assets/img/no-picture.png;3,13€;12
370;"Levonorgestrel mylan 1,5 mg";https://www.pharmanity.com/assets/img/parapharmacie/thumb-levonorgestrel-mylan-1-5-mg-1-comprime-i6207.jpeg;3,50€;12
371;"Ellaone 30 mg";https://www.pharmanity.com/assets/img/no-picture.png;14,25€;12
372;"Econazole zydus lp 150 mg";https://www.pharmanity.com/assets/img/no-picture.png;3,13€;12
373;"Permixon 160 mg";https://www.pharmanity.com/assets/img/parapharmacie/thumb-permixon-160-mg-plaquette-de-60-gelules-i260.jpg;16,27€;13
374;"Tadenan 50 mg";https://www.pharmanity.com/assets/img/parapharmacie/thumb-tadenan-50-mg-60-capsules-molles-i630.jpg;16,27€;13
375;"Permixon 160 mg";https://www.pharmanity.com/assets/img/parapharmacie/thumb-permixon-160-mg-plaquette-de-180-gelules-i1289.jpg;46,43€;13
376;"Hepanephrol solution buvable";https://www.pharmanity.com/assets/img/parapharmacie/thumb-hepanephrol-solution-buvable-20-ampoules-i2854.jpg;7,98€;13
377;Urispas;https://www.pharmanity.com/assets/img/parapharmacie/thumb-urispas-42-comprimes-pellicules-i3247.jpg;5,98€;13
378;"Tadenan 50 mg";https://www.pharmanity.com/assets/img/parapharmacie/thumb-tadenan-50-mg-30-capsules-molles-i6989.jpg;8,69€;13
379;"Elusanes busserole Naturactive";https://www.pharmanity.com/assets/img/parapharmacie/thumb-elusanes-busserole-naturactive-30-gelules-i7521.jpg;6,97€;13
380;"Prunier d'afrique mylan 50 mg";https://www.pharmanity.com/assets/img/no-picture.png;14,86€;13
381;"Permixon 160 mg";https://www.pharmanity.com/assets/img/no-picture.png;16,27€;13
382;"Prunier d'afrique mylan 50 mg";https://www.pharmanity.com/assets/img/no-picture.png;7,99€;13
383;"Prodinan 160 mg";https://www.pharmanity.com/assets/img/no-picture.png;13,07€;13
384;"Prodinan 160 mg";https://www.pharmanity.com/assets/img/no-picture.png;36,84€;13
385;"Borax/acide borique biogaran 12 mg/18 mg/ml";https://www.pharmanity.com/assets/img/parapharmacie/thumb-borax-acide-borique-biogaran-12-mg-18-mg-ml-20-recipients-unidose-de-solution-pour-lavage-ophtalmique-i62299.jpg;2,89€;14
386;"Artelac 1,6 mg/0,5 ml";https://www.pharmanity.com/assets/img/parapharmacie/thumb-artelac-1-6-mg-0-5-ml-60-flacons-unidoses-de-0-5-ml-de-collyre-i291.jpg;6,52€;14
387;Dacudoses;https://www.pharmanity.com/assets/img/parapharmacie/thumb-dacudoses-24-recipients-unidose-de-solution-pour-lavage-ophtalmique-i62359.jpg;3,55€;14
388;"Vitamine a dulcis 25 000 ui pour 100 g";https://www.pharmanity.com/assets/img/parapharmacie/thumb-vitamine-a-dulcis-25-000-ui-pour-100-g-10-g-de-pommade-ophtalmique-i327.jpg;5,32€;14
389;"Borax/acide borique zentiva 12 mg/18 mg/ml";https://www.pharmanity.com/assets/img/parapharmacie/thumb-borax-acide-borique-zentiva-12-mg-18-mg-ml-20-recipients-unidose-de-solution-pour-lavage-ophtalmique-i62301.jpg;2,89€;14
390;"Lacrifluid 0,13 %";https://www.pharmanity.com/assets/img/parapharmacie/thumb-lacrifluid-0-13-pourcent-60-flacons-unidoses-de-0-4-ml-de-collyre-i339.jpg;6,52€;14
391;Refresh;https://www.pharmanity.com/assets/img/parapharmacie/thumb-refresh-30-flacons-unidoses-de-0-4-ml-de-collyre-i360.jpg;3,94€;14
392;"Vitabact 0,05 %";https://www.pharmanity.com/assets/img/parapharmacie/thumb-vitabact-0-05-pourcent-flacon-de-10-ml-de-collyre-i392.jpg;2,36€;14
393;"Desomedine 0,1 %";https://www.pharmanity.com/assets/img/parapharmacie/thumb-desomedine-0-1-x-10-unidoses-i552.jpeg;6,14€;14
394;Dacryoserum;https://www.pharmanity.com/assets/img/parapharmacie/thumb-dacryoserum-20-recipients-unidose-de-solution-pour-lavage-ophtalmique-i62356.jpg;5,54€;14
395;"Multicrom 2 %";https://www.pharmanity.com/assets/img/parapharmacie/thumb-multicrom-2-pourcent-flacon-de-10-ml-de-collyre-i581.jpg;6,76€;14
396;"Nutrivisc 5 % (20 mg/0,4 ml)";https://www.pharmanity.com/assets/img/parapharmacie/thumb-nutrivisc-5-pourcent-20-mg-0-4-ml-30-flacons-unidoses-de-0-4-ml-de-collyre-i616.jpg;3,94€;14
397;"Naabak 4,9 %";https://www.pharmanity.com/assets/img/parapharmacie/thumb-naabak-4-9-pourcent-flacon-de-10-ml-de-collyre-i694.jpg;6,41€;14
398;"Opticron unidose";https://www.pharmanity.com/assets/img/parapharmacie/thumb-opticron-unidose-24-flacons-unidoses-de-0-35-ml-de-collyre-i730.jpg;3,78€;14
399;Homeoptic;https://www.pharmanity.com/assets/img/parapharmacie/thumb-homeoptic-10-flacons-unidoses-de-0-4-ml-de-collyre-i815.jpg;6,03€;14
400;Refresh;https://www.pharmanity.com/assets/img/parapharmacie/thumb-refresh-90-flacons-unidoses-de-0-4-ml-de-collyre-i851.jpg;8,84€;14
401;"Biocidan 0,25 pour mille";https://www.pharmanity.com/assets/img/parapharmacie/thumb-biocidan-0-25-pour-mille-flacon-de-10-ml-de-collyre-i1067.jpg;2,73€;14
402;"Larmabak 0,9 %";https://www.pharmanity.com/assets/img/parapharmacie/thumb-larmabak-0-9-pourcent-flacon-de-10-ml-de-collyre-i1104.jpg;4,51€;14
403;"Larmes artificielles martinet 1,4 %";https://www.pharmanity.com/assets/img/parapharmacie/thumb-larmes-artificielles-martinet-1-4-pourcent-flacon-de-10-ml-de-collyre-i1130.jpg;2,37€;14
404;"Cromabak 20 mg/ml";https://www.pharmanity.com/assets/img/parapharmacie/thumb-cromabak-20-mg-ml-flacon-de-10-ml-de-collyre-i1168.jpg;7,14€;14
405;"Desomedine 0,1 %";https://www.pharmanity.com/assets/img/parapharmacie/thumb-desomedine-0-1-pourcent-flacon-de-10-ml-de-solution-pour-instillation-ophtalmique-ou-orl-i1194.jpg;6,08€;14
406;Dacryoserum;https://www.pharmanity.com/assets/img/parapharmacie/thumb-dacryoserum-flacon-de-150-ml-de-solution-pour-lavage-ophtalmique-i1206.jpg;2,14€;14
407;"Cromadoses 2 %";https://www.pharmanity.com/assets/img/parapharmacie/thumb-cromadoses-2-pourcent-30-flacons-unidoses-de-0-3-ml-de-collyre-i1241.jpg;4,39€;14
408;"Naabak 19,6 mg/0,4 ml";https://www.pharmanity.com/assets/img/parapharmacie/thumb-naabak-19-6-mg-0-4-ml-36-flacons-unidoses-de-0-4-ml-de-collyre-i1379.jpg;4,98€;14
409;"Opticron 2 %";https://www.pharmanity.com/assets/img/parapharmacie/thumb-opticron-2-pourcent-flacon-de-5-ml-de-collyre-i1408.jpg;3,48€;14
410;"Aquarest 0,2 %";https://www.pharmanity.com/assets/img/parapharmacie/thumb-aquarest-0-2-pourcent-60-unidoses-de-gel-ophtalmique-i1516.jpg;6,52€;14
411;"Neosynephrine 10 % faure";https://www.pharmanity.com/assets/img/parapharmacie/thumb-neosynephrine-10-pourcent-faure-flacon-de-5-ml-de-collyre-i1517.jpg;3,13€;14
412;"Vitamine a faure 150 000 ul %";https://www.pharmanity.com/assets/img/parapharmacie/thumb-vitamine-a-faure-150-000-ul-flacon-de-10-ml-de-collyre-i1610.jpeg;3,10€;14
413;"Gel larmes";https://www.pharmanity.com/assets/img/parapharmacie/thumb-gel-larmes-30-unidoses-de-gel-ophtalmique-i1644.jpg;4,39€;14
414;Lacrigel;https://www.pharmanity.com/assets/img/parapharmacie/thumb-lacrigel-10-g-de-gel-ophtalmique-i1654.jpg;4,01€;14
415;"Sensivision au plantain";https://www.pharmanity.com/assets/img/parapharmacie/thumb-sensivision-au-plantain-10-flacons-unidoses-de-0-4-ml-de-collyre-i1713.jpg;5,89€;14
416;"Cromoptic 2 %";https://www.pharmanity.com/assets/img/parapharmacie/thumb-cromoptic-2-pourcent-30-flacons-unidoses-de-0-35-ml-de-collyre-i1749.jpg;4,39€;14
417;"Fluvermal 2 %";https://www.pharmanity.com/assets/img/parapharmacie/thumb-fluvermal-2-pourcent-flacon-de-30-ml-de-suspension-buvable-i268.jpg;3,71€;15
418;Fluvermal;https://www.pharmanity.com/assets/img/parapharmacie/thumb-fluvermal-6-comprimes-i316.jpg;3,46€;15
419;Spregal;https://www.pharmanity.com/assets/img/parapharmacie/thumb-spregal-200-ml-de-lotion-i1399.jpg;12,80€;15
420;Parasidose;https://www.pharmanity.com/assets/img/parapharmacie/thumb-parasidose-flacon-de-200-ml-de-shampoing-i4023.jpg;7,37€;15
421;"Combantrin 125 mg";https://www.pharmanity.com/assets/img/parapharmacie/thumb-combantrin-125-mg-6-comprimes-secables-i6515.jpg;2,97€;15
422;"Spray pax";https://www.pharmanity.com/assets/img/parapharmacie/thumb-spray-pax-8-g-de-solution-pour-pulverisation-i7260.jpg;11,93€;15
423;"Combantrin 125 mg/2,5 ml";https://www.pharmanity.com/assets/img/parapharmacie/thumb-combantrin-125-mg-2-5-ml-flacon-de-15-ml-de-suspension-buvable-i7796.jpg;3,22€;15
424;"Para plus";https://www.pharmanity.com/assets/img/parapharmacie/thumb-para-plus-125-ml-de-solution-pour-pulverisation-i10323.jpg;9,80€;15
425;"Para special poux";https://www.pharmanity.com/assets/img/parapharmacie/thumb-para-special-poux-flacon-de-125-ml-de-shampoing-i10752.png;7,51€;15
426;Itax;https://www.pharmanity.com/assets/img/parapharmacie/thumb-itax-flacon-de-150-ml-de-shampoing-i12268.jpg;7,95€;15
427;"Para special poux";https://www.pharmanity.com/assets/img/parapharmacie/thumb-para-special-poux-flacon-de-250-ml-de-shampoing-i12997.jpg;16,27€;15
428;Itax;https://www.pharmanity.com/assets/img/parapharmacie/thumb-itax-flacon-de-300-ml-de-shampoing-i13259.jpg;10,57€;15
429;"Para special poux";https://www.pharmanity.com/assets/img/no-picture.png;11,84€;15
430;"Helmintox 125mg/2ml5 suspension buvable 15ml";https://www.pharmanity.com/assets/img/no-picture.png;2,52€;15
431;"Mycoster 10 mg/g Shampooing";https://www.pharmanity.com/assets/img/parapharmacie/thumb-mycoster-10-mg-g-shampooing-flacon-de-60-ml-i119900.jpg;5,90€;15
432;Revaxis;https://www.pharmanity.com/assets/img/parapharmacie/thumb-revaxis-1-seringue-preremplie-de-suspension-injectable-i62597.png;9,82€;16
433;Priorix;https://www.pharmanity.com/assets/img/parapharmacie/thumb-priorix-flacon-de-poudre-injectable-et-seringue-preremplie-de-0-5-ml-de-solution-i269.jpg;13,91€;16
434;"Act-hib 10 microgrammes/0,5 ml";https://www.pharmanity.com/assets/img/no-picture.png;35,12€;16
435;Varilrix;https://www.pharmanity.com/assets/img/no-picture.png;37,66€;16
436;Infanrixquinta;https://www.pharmanity.com/assets/img/parapharmacie/thumb-infanrixquinta-flacon-de-poudre-injectable-et-seringue-preremplie-de-0-5-ml-de-suspension-i1608.jpg;24,60€;16
437;Pentavac;https://www.pharmanity.com/assets/img/no-picture.png;24,60€;16
438;Repevax;https://www.pharmanity.com/assets/img/no-picture.png;22,71€;16
439;"Engerix b 10 microgrammes/0,5 ml";https://www.pharmanity.com/assets/img/no-picture.png;10,20€;16
440;"Engerix b 20 microgrammes/1 ml";https://www.pharmanity.com/assets/img/parapharmacie/thumb-engerix-b-20-microgrammes-1-ml-1-seringue-preremplie-de-suspension-injectable-i62381.jpg;16,81€;16
441;Tyavax;https://www.pharmanity.com/assets/img/no-picture.png;82,01€;16
442;"Typhim vi";https://www.pharmanity.com/assets/img/no-picture.png;44,21€;16
443;"Vaccin tetanique pasteur";https://www.pharmanity.com/assets/img/no-picture.png;3,69€;16
444;Varivax;https://www.pharmanity.com/assets/img/no-picture.png;37,66€;16
445;Micropaque;https://www.pharmanity.com/assets/img/parapharmacie/thumb-micropaque-flacon-de-150-ml-de-suspension-orale-i5298.jpeg;6,82€;17
446;"Micropaque scanner";https://www.pharmanity.com/assets/img/no-picture.png;5,00€;17
447;Tubertest;https://www.pharmanity.com/assets/img/parapharmacie/thumb-tubertest-1-flacon-en-verre-de-10-doses-de-solution-injectable-i62649.jpg;9,59€;17
448;Micropaque;https://www.pharmanity.com/assets/img/no-picture.png;10,13€;17
449;"Boiron arnica montana 9ch";https://www.pharmanity.com/assets/img/parapharmacie/thumb-boiron-arnica-montana-9ch-1-tube-de-80-granules-i39.png;2,76€;18
450;"Boiron influenzinum 9ch";https://www.pharmanity.com/assets/img/parapharmacie/thumb-boiron-influenzinum-9ch-1-dose-de-globules-i42.png;2,51€;18
451;"Boiron arnica montana 9ch";https://www.pharmanity.com/assets/img/parapharmacie/thumb-boiron-arnica-montana-9ch-1-dose-de-globules-i150.png;2,53€;18
452;"Boiron ignatia a/iamara 9ch";https://www.pharmanity.com/assets/img/parapharmacie/thumb-boiron-ignatia-aiamara-9ch-1-tube-de-80-granules-i169.png;2,75€;18
453;"Boiron Gelsemium Semp. 9ch";https://www.pharmanity.com/assets/img/parapharmacie/thumb-boiron-gelsemium-semp-9ch-1-tube-de-80-granules-i185.jpeg;2,76€;18
454;"Boiron nux vom(colubr.) 9ch";https://www.pharmanity.com/assets/img/parapharmacie/thumb-boiron-nux-vomcolubr-9ch-1-tube-de-80-granules-i216.png;2,74€;18
455;"Boiron serum de yersin 9ch";https://www.pharmanity.com/assets/img/parapharmacie/thumb-boiron-serum-de-yersin-9ch-1-dose-de-globules-i226.png;2,50€;18
456;"Boiron ignatia a/iamara 15ch";https://www.pharmanity.com/assets/img/parapharmacie/thumb-boiron-ignatia-aiamara-15ch-1-tube-de-80-granules-i233.png;2,73€;18
457;"Boiron influenzinum 15ch";https://www.pharmanity.com/assets/img/parapharmacie/thumb-boiron-influenzinum-15ch-1-dose-de-globules-i236.png;2,45€;18
458;"Boiron arnica montana 5ch";https://www.pharmanity.com/assets/img/parapharmacie/thumb-boiron-arnica-montana-5ch-1-tube-de-80-granules-i241.png;2,73€;18
459;"Boiron rhus tox. 9ch";https://www.pharmanity.com/assets/img/parapharmacie/thumb-boiron-rhus-tox-9ch-1-tube-de-80-granules-i322.png;2,73€;18
460;"Boiron gelsemium semp. 15ch";https://www.pharmanity.com/assets/img/parapharmacie/thumb-boiron-gelsemium-semp-15ch-1-tube-de-80-granules-i348.png;2,75€;18
461;"Boiron thuya occidental 15ch";https://www.pharmanity.com/assets/img/parapharmacie/thumb-boiron-thuya-occidental-15ch-1-dose-de-globules-i408.png;2,46€;18
462;"Boiron belladonna 9ch";https://www.pharmanity.com/assets/img/parapharmacie/thumb-boiron-belladonna-9ch-1-tube-de-80-granules-i460.png;2,73€;18
463;"Sedatif pc 90 comprimés";https://www.pharmanity.com/assets/img/parapharmacie/thumb-sedatif-pc-90-comprimes-i510.jpg;9,44€;18
464;"Boiron serum de yersin 15ch";https://www.pharmanity.com/assets/img/parapharmacie/thumb-boiron-serum-de-yersin-15ch-1-dose-de-globules-i519.png;2,46€;18
465;"Boiron silicea 15ch";https://www.pharmanity.com/assets/img/parapharmacie/thumb-boiron-silicea-15ch-1-dose-de-globules-i618.png;2,48€;18
466;"Boiron vaccinotoxinum 15ch";https://www.pharmanity.com/assets/img/parapharmacie/thumb-boiron-vaccinotoxinum-15ch-1-dose-de-globules-i637.png;2,52€;18
467;"Boiron arnica montana 15ch";https://www.pharmanity.com/assets/img/parapharmacie/thumb-boiron-arnica-montana-15ch-1-dose-de-globules-i650.png;2,49€;18
468;"Boiron apis mellifica 9ch";https://www.pharmanity.com/assets/img/parapharmacie/thumb-boiron-apis-mellifica-9ch-1-tube-de-80-granules-i672.png;2,72€;18
469;"Boiron sulfur 15ch";https://www.pharmanity.com/assets/img/parapharmacie/thumb-boiron-sulfur-15ch-1-dose-de-globules-i676.png;2,43€;18
470;"Boiron natrum mur. 15ch";https://www.pharmanity.com/assets/img/parapharmacie/thumb-boiron-natrum-mur-15ch-1-dose-de-globules-i715.png;2,41€;18
471;"Boiron cuprum met. 5ch";https://www.pharmanity.com/assets/img/parapharmacie/thumb-boiron-cuprum-met-5ch-1-tube-de-80-granules-i734.png;2,69€;18
472;"Boiron lachesis (mutus) 15ch";https://www.pharmanity.com/assets/img/parapharmacie/thumb-boiron-lachesis-mutus-15ch-1-dose-de-globules-i759.png;2,45€;18
473;"Boiron bryonia 9ch";https://www.pharmanity.com/assets/img/parapharmacie/thumb-boiron-bryonia-9ch-1-tube-de-80-granules-i772.png;2,73€;18
474;"Boiron apis mellifica 15ch";https://www.pharmanity.com/assets/img/parapharmacie/thumb-boiron-apis-mellifica-15ch-1-tube-de-80-granules-i803.png;2,73€;18
475;"Boiron lycopodium clav. 15ch";https://www.pharmanity.com/assets/img/parapharmacie/thumb-boiron-lycopodium-clav-15ch-1-dose-de-globules-i804.png;2,43€;18
476;"Boiron thuya occidental 9ch";https://www.pharmanity.com/assets/img/parapharmacie/thumb-boiron-thuya-occidental-9ch-1-dose-de-globules-i834.png;2,48€;18
477;"Boiron thymuline 9ch";https://www.pharmanity.com/assets/img/parapharmacie/thumb-boiron-thymuline-9ch-1-dose-de-globules-i839.png;3,71€;18
478;"Boiron ignatia a/iamara 15ch";https://www.pharmanity.com/assets/img/parapharmacie/thumb-boiron-ignatia-aiamara-15ch-1-dose-de-globules-i853.png;2,43€;18
479;"Boiron arnica montana 30ch";https://www.pharmanity.com/assets/img/parapharmacie/thumb-boiron-arnica-montana-30ch-1-dose-de-globules-i865.png;2,48€;18
480;"Boiron rhus tox. 5ch";https://www.pharmanity.com/assets/img/parapharmacie/thumb-boiron-rhus-tox-5ch-1-tube-de-80-granules-i867.png;2,70€;18
481;Lamaline;https://www.pharmanity.com/assets/img/parapharmacie/thumb-lamaline-16-gelules-i12.jpg;2,43€;19
482;"Pivalone 1 %";https://www.pharmanity.com/assets/img/parapharmacie/thumb-pivalone-1-pourcent-flacon-de-10-ml-de-suspension-nasale-i17.png;2,81€;19
483;"Codoliprane adultes 400 mg/20 mg";https://www.pharmanity.com/assets/img/parapharmacie/thumb-codoliprane-adultes-400-mg-20-mg-16-comprimes-secables-i28.jpg;2,74€;19
484;Prontalgine;https://www.pharmanity.com/assets/img/parapharmacie/thumb-prontalgine-18-comprimes-i102.jpg;7,90€;19
485;"Tussidane 1,5 mg/ml sans sucre";https://www.pharmanity.com/assets/img/parapharmacie/thumb-tussidane-1-5-mg-ml-sans-sucre-flacon-de-250-ml-de-solution-buvable-i162.jpg;3,26€;19
486;Neo-codion;https://www.pharmanity.com/assets/img/parapharmacie/thumb-neo-codion-20-comprimes-enrobes-i251.jpg;6,53€;19
487;"Lumirelax 500 mg";https://www.pharmanity.com/assets/img/parapharmacie/thumb-lumirelax-500-mg-20-comprimes-i313.jpg;8,44€;19
488;"Polery adultes";https://www.pharmanity.com/assets/img/parapharmacie/thumb-polery-adultes-flacon-de-200-ml-de-sirop-i343.jpg;3,02€;19
489;"Theralene 4 %";https://www.pharmanity.com/assets/img/parapharmacie/thumb-theralene-4-pourcent-flacon-de-30-ml-de-solution-buvable-en-gouttes-i380.jpg;2,51€;19
490;"Klipal codeine 300 mg/25 mg";https://www.pharmanity.com/assets/img/parapharmacie/thumb-klipal-codeine-300-mg-25-mg-16-comprimes-i398.jpg;2,64€;19
491;Euphon;https://www.pharmanity.com/assets/img/parapharmacie/thumb-euphon-flacon-de-300-ml-de-sirop-i406.jpg;4,07€;19
492;"Polery adultes sans sucre";https://www.pharmanity.com/assets/img/parapharmacie/thumb-polery-adultes-sans-sucre-flacon-de-200-ml-de-sirop-i450.jpg;3,02€;19
493;"Lindilane 400 mg/25 mg";https://www.pharmanity.com/assets/img/parapharmacie/thumb-lindilane-400-mg-25-mg-16-comprimes-i660.jpg;2,74€;19
494;"Paracetamol codeine biogaran 500 mg/30 mg";https://www.pharmanity.com/assets/img/parapharmacie/thumb-paracetamol-codeine-biogaran-500-mg-30-mg-16-comprimes-effervescents-secables-i697.jpg;2,74€;19
495;"Skiacol 0,5 %";https://www.pharmanity.com/assets/img/parapharmacie/thumb-skiacol-0-5-pourcent-flacon-de-0-5-ml-de-collyre-i830.jpg;8,32€;19
496;Migralgine;https://www.pharmanity.com/assets/img/parapharmacie/thumb-migralgine-18-gelules-i919.jpg;6,90€;19
497;Okimus;https://www.pharmanity.com/assets/img/parapharmacie/thumb-okimus-40-comprimes-enrobes-i1017.jpg;6,83€;19
498;"Cerazette 0,075 mg";https://www.pharmanity.com/assets/img/parapharmacie/thumb-cerazette-0-075-mg-84-comprimes-pellicules-i1132.jpg;37,32€;19
499;"Humex adultes toux seche dextromethorphane";https://www.pharmanity.com/assets/img/parapharmacie/thumb-humex-adultes-toux-seche-dextromethorphane-flacon-de-200-ml-de-sirop-i1243.jpg;5,50€;19
500;Celestamine;https://www.pharmanity.com/assets/img/parapharmacie/thumb-celestamine-30-comprimes-i1365.jpg;6,11€;19
501;"Tussidane 30 mg";https://www.pharmanity.com/assets/img/parapharmacie/thumb-tussidane-30-mg-12-comprimes-pellicules-secables-i1569.jpg;2,73€;19
502;"Cutacnyl 5 %";https://www.pharmanity.com/assets/img/parapharmacie/thumb-cutacnyl-5-40-g-de-gel-pour-application-locale-i1626.jpg;3,16€;19
503;Atebemyxine;https://www.pharmanity.com/assets/img/parapharmacie/thumb-atebemyxine-5-g-de-pommade-ophtalmique-i1681.jpg;9,01€;19
504;Tussipax;https://www.pharmanity.com/assets/img/parapharmacie/thumb-tussipax-flacon-de-200-ml-de-sirop-i1684.jpg;3,35€;19
505;"Clarix toux seche codethyline 0,1 % ad sirop";https://www.pharmanity.com/assets/img/parapharmacie/thumb-clarix-toux-seche-codethyline-0-1-pourcent-ad-sirop-250-ml-i47091.jpg;5,62€;19
506;"Femara 2,5 mg";https://www.pharmanity.com/assets/img/parapharmacie/thumb-femara-2-5-mg-30-comprimes-pellicules-i1770.jpg;41,47€;19
507;"Codoliprane 500 mg/30 mg";https://www.pharmanity.com/assets/img/parapharmacie/thumb-codoliprane-500-mg-30-mg-16-comprimes-i1852.jpg;2,74€;19
508;"Vicks toux seche dextromethorphane 7,33 mg adultes miel";https://www.pharmanity.com/assets/img/parapharmacie/thumb-vicks-toux-seche-dextromethorphane-7-33-mg-adultes-miel-12-pastilles-a-sucer-i1942.jpg;5,43€;19
509;"Paderyl 19,5 mg";https://www.pharmanity.com/assets/img/parapharmacie/thumb-paderyl-19-5-mg-20-comprimes-enrobes-i1984.jpg;2,89€;19
510;"Cirkan a la prednacinolone";https://www.pharmanity.com/assets/img/parapharmacie/thumb-cirkan-a-la-prednacinolone-12-suppositoires-i1998.jpg;7,27€;19
511;"Eurobiol 25 000 u";https://www.pharmanity.com/assets/img/parapharmacie/thumb-eurobiol-25-000-u-100-gelules-i2024.jpg;27,91€;19
512;"Malarone 250 mg/100 mg";https://www.pharmanity.com/assets/img/parapharmacie/thumb-malarone-250-mg-100-mg-12-comprimes-pellicules-i2049.png;47,43€;19
